company,category_main,category_sub,question,answer
기아,차량 구매,일반,EV케어 프로그램이란 무엇인가요?,"기아 EV를 구매한 기아멤버스 회원이시라면 EV스타일케어, EV세이프티 케어에 가입하실 수 있습니다.

기아EV케어"
기아,차량 구매,일반,광고성 정보 수신 동의 확인 문자/이메일을 받았습니다.,"기아차량 보유 고객 중 광고성 정보 수신에 동의하신 고객님께 수신동의 여부를 확인하는 메시지 입니다.

이는 광고성 정보 수신에 동의한 고객님께 2년마다 수신동의 여부를 확인하는 것이 의무화 되면서 수신동의 확인을 위해 메시지를 발송해드렸습니다.

또한, 수신 동의 철회 시 상품정보, 혜택정보, 프로모션 및 이벤트 안내 등을 받아보실 수 없으며, 광고성 정보 수신동의 철회 시 고객센터(080-200-2000)로 문의하여 주시기 바랍니다."
기아,차량 구매,일반,기아 전기차 구매시 보조금은 어떻게 되나요?,"전기차 보조금은 전기차를 구매할 때 정부와 지자체에서 정한 전기자동차 보조금 지원대상 자동차를 신규로 구매해 국내에 등록할 경우 보조금을 지급하는 제도입니다.

(구매보조금 지급 상한액은 아래표를 참고해주세요.) 

EV & PBV 카탈로그/가격표 바로가기 >"
기아,차량 구매,일반,All-new Niro EV에 적용된 특화 기술은 어떤 게 있나요?,"The All-new Niro EV에는 경제성과 편의성을 높이는 다양한 EV 특화 기술이 적용되어 있습니다.

 

① 배터리 컨디셔닝 

· 외부 온도가 낮을 때 배터리 온도를 최적화해 주행성능 유지 및 충전 시간 단축, 급속충전소를 목적지로 설정하면 배터리 온도를 미리 최적화해 도착 즉시 충전 가능하게 합니다.

 

② 히트 펌프 & 배터리 히팅 시스템 

· 고효율 난방 시스템인 히트 펌프 및 배터리 히팅 시스템 적용으로 겨울철 실 주행거리 및 충전시간을 확보합니다.

 

③ 스마트 회생제동 시스템 2.0 

· 전방 교통 흐름 및 내비게이션 지도 정보, 운전자 감속 패턴 정보를 이용하여 회생제동량을 자동 조절하는 기능으로 주행 효율성을 향상시킵니다.

 

④ i-PEDAL 모드

· 가속 페달만을 이용하여 가속 및 감속, 정차까지 가능한 원 페달 주행모드입니다."
기아,차량 구매,일반,기아 표준 서비스 용품이 무엇인가요?,"기아는 이면 할인 판매 및 과다 서비스 용품 제공 행위를 금지하고, 공정한 판매 실천과 고객님께 최고의 서비스를 제공해 드리고자 차량 구입 시 표준 서비스 용품을 드리고 있습니다.

표준 서비스 용품은 차량 계약 시 썬팅 시공권과 기아 컬렉션 KIT 중 택1하여 선택하실 수 있습니다.

* 하기 구성품은 2020년 2월 기준이며, 서비스 용품 및 구성품은 변경될 수 있습니다.

 

① 썬팅 시공권

· 썬팅 필름은 현재 9종의 품목을 운영 중이며 PC 또는 모바일에서 지역별 시공점 및 필름 브랜드를 조회하실 수 있습니다.

· 썬팅 시공 후에는 차량용 먼지떨이개를 추가 지급해드립니다.

 

② 기아 컬렉션 KIT

· 차량 출고 후 계약 시 신청하신 배소 주소지로 택배 발송해드립니다.

· 구성품목(6종) : 트렁크 정리함, 멀티 담요, 차량용 먼지떨이개, 목베개, 전면 유리커버, LED 라이트 바 풀 세트

기아 온라인 썬팅시공점 및 필름 브랜드 조회"
기아,차량 구매,일반,시승 신청은 어떻게 해야 하나요?,"기아는 시승체험 편의 고객만족을 위해 다양한 시승서비스를 제공하고 있습니다. 고객님께서 희망하시는 가까운 센터에서 최고의 서비스를 직접 만나실 수 있습니다. 

시승 신청은 기아 홈페이지(www.kia.com) 회원가입 및 로그인 후 신청하실 수 있으며, 예약 취소 시 재신청은 1주일 후부터 가능합니다.  

 

* 시승 예약 절차 : 기아 시승서비스는 고객님께서 시승 예약 시 지정하신 동승 영업 담당과 시승 가능여부 확인 후 예약이 확정됩니다.

시승 신청 바로가기 >"
기아,차량 구매,일반,기아 통합 계정이 무엇인가요?,"기아 통합 계정은, 기아닷컴 / 기아멤버스 홈페이지 / MyKia 모바일 앱 / 기아 디지털키 / Kia Connect 등 기아에서 제공하는 서비스를 사용하기 위한 계정으로, 하나의 ID로 모든 서비스를 이용할 수 있습니다.

* 단, 로그인 후 각 서비스 별로 추가적인 서비스 가입이 필요합니다.

* 기아닷컴 / 기아멤버스 홈페이지 / MyKia에 가입 시도 시, 정상적으로 가입이 이루어지지 않은 경우에는 기타 서비스(Kia Connect 등)의 가입 여부를 먼저 점검해 보시기 바랍니다. 타 서비스 가입 이력이 있다면 별도 가입 절차 없이 해당 ID로 로그인 및 서비스 이용 가능합니다."
기아,차량 구매,일반,상승 내장탑차가 무엇인가요?,"상승 내장탑차는 단, 1대로 저상형에서 플러스형 높이까지 조절이 가능한 탑차입니다. 

탑과 캐빈이 유사한 높이로 설계되어 지하주차장 출입이 용이한 저상형 높이부터  넓은 적재용적으로 높은 수용효율을 제공하는 플러스형 높이까지 조절이 가능합니다."
기아,차량 구매,일반,스마트 드라이브 케어(Smart Driver Care)가 무엇인가요?,"Smart Driver Care란 차량 주행 정보를 기반으로 운전습관 분석을 통해 안전운전점수 70점 이상을 달성한 고객의 보험료를 추가 할인해 드리는 혜택으로 기아와 현대해상 간의 제휴를 통해 UVO 장착 차량을 대상으로 한 UBI 특약보험입니다. 

* UBI = Usage Based Insurance 의 줄임말로 “운전습관기반보험” 을 의미함  

· 명칭 : Smart Driver Care

· 판매개시 : ‘19년 6월 13일 

· 보험사 : 현대해상 (커넥티드카 UBI특약) 

· 가입방법 : UVO 서비스 이용 고객이 자동차 보험 가입 시 운행 데이터 제공에 동의하면  이를 기반으로 안전운전점수 70점 이상 획득 시 UBI 특약 할인 적용 

· 고객혜택 : 자동차 보험료 할인 12% = UVO 장착 할인 7% + UBI 할인 5%

 

안전운전점수

· 최근 90일 이내 1,000km 주행거리를 기준으로 UVO 앱을 통한 운전습관 분석 결과를 토대로 안전운전 점수 부여

기아자동차 UVO

· 스마트폰을 활용하여 차량을 원격제어 및 관리하는 어플리케이션 시스템

현대해상 UBI

· 차량 운전 데이터에 기반하여 안전 운전자에게 자동차 보험료를 할인해주는 특약보험

안전운전(UBI) 할인

· UBI 특약 가입 시점 기준, 보함 만기까지 잔여기간 내 할인율 적용

 

* 보험관련 자세한 사항은 현대해상 고객센터(1588-5656)를 통해 확인하실 수 있습니다."
기아,차량 구매,일반,LPG 연료 차량의 장점이 무엇인가요?,"① 합리적인 차량 가격


· LPG를 연료로 하는 LPI 차량의 장점은 동급 가솔린 모델보다 차량 가격이 합리적입니다. 

② 저렴한 LPG 연료 가격

· LPG 연료 가격이 저렴하여 가솔린 대비 경제적입니다. 

· LPI 차량의 연비가 가솔린 차량보다 다소 낮지만 연료 가격이 가솔린 가격보다 저렴한 부분이 훨씬 크므로 결과적으로 25~30% 정도 유지 비용이 저렴합니다.

③ 환경기여

· 환경부 기준 미세먼지를 유발하는 질소산화물 배출량이 경유차 보다 7.5배 이상 적어 환경에 기여합니다."
기아,차량 구매,일반,LPG 연료 차량을 모든 사람이 구입할 수 있다는데 어떤 내용인가요?,"최근 정부가 내놓은 미세먼지 대책방안의 일환으로 LPG 연료 사용에 대한 규제가 완화됐습니다. 

이전까지 LPG 차량은 장애인/국가유공자가 소유할 수 있었고, 택시/렌터카 같은 사업용 차량, 경차 및 5인승 이상 RV 차량으로 용도와 구매 대상이 제한되어 왔습니다. 

 

때문에 휘발유나 경유 값에 비해 50~60%에 불과할 정도로 연료 값이 저렴함에도 LPG 차량의 시장 점유율은 10%를 넘지 못 했으나 이번 미세먼지 대책 방안으로 인해 규제가 완전히 풀리게 되면서, LPG 차량의 보유가 확대될 것으로 보입니다. 

 

당사에는 모닝 1.0 LPI, 더 뉴 레이 1.0 LPI, 봉고Ⅲ 2.4 LPI, K5 2.0 LPI, K7 3.0 LPI와 같은 5종의 LPG 모델 라인업을 갖고 있으며, 이번 LPG 규제 완화로 혜택을 볼 수 있는 당사의 차종은 K5 2.0 LPI, K7 3.0 LPI 차량입니다."
기아,차량 구매,일반,차량 구입 비용을 현금으로 결제하면 할인을 더 받을 수 있나요?,"차량 구입 비용 현금 결제 시 추가 할인은 없습니다.  

 

신용카드가맹점은 신용카드로 거래한다는 이유로 신용카드 결제를 거절하거나 신용카드회원을 불리하게 대우할 수 없습니다. 현금으로 결제 시 할인 혜택은 신용카드회원에 대한 불리한 대우며, 현금 결제를 유도하거나 종용하는 행위는 여신전문금융업법 위반사항에 해당합니다. 

 

* 여신전문금융업법 제19조(가맹점의 준수사항)  

① 신용카드가맹점은 신용카드로 거래한다는 이유로 신용카드 결제를 거절하거나 신용카드회원을 불리하게 대우하지 못한다.

[개정 2010.3.12] [시행일 2010.6.13]"
기아,차량 구매,일반,해약하는 경우 계약금을 돌려 받을 수 있나요?,"계약 후 차량 출고 전 해약은 고객님께서 계약하신 지점/대리점을 통해 진행 가능합니다. 

차량매매계약서, 통장 계좌(본인 명의), 신분증을 제출해주셔야 하며, 추가적인 상담 및 필요서류 확인을 위해 번거로우시더라도, 방문 전 지점/대리점 운영과에 유선 상담 바랍니다.  

 

자동차 매매계약 체결 후 해약을 하시는 경우, 계약금은 전액 반환하여 드립니다. 금액은 계약하신 고객님 본인 명의의 통장 계좌로 입금처리 되므로, 해약 신청 시 통장 사본을 제출해주셔야 합니다."
기아,차량 구매,일반,장애인 면세로 차량구입 시 제출서류는 무엇인가요?,"차량 출고 전 제출서류

· 일반장애인 : 신분증, 장애인 증명서(관할 주민센터 발급) 제출 

· 국가유공상이자 : 신분증, 상이등급이 기재된 국가유공자 증서 제출  

 

차량 출고 후 제출서류

· 일반장애인 : 장애인 증명서 사본, 자동차등록증 사본, 주민등록등본 원본  운전면허증 사본 (본인 또는 장애인과 생계를 함께 하는 자)  등록원부갑부 원본(공동명의 확인용)  

· 국가유공상이자 : 국가유공자증서 사본(상이등급 기재), 자동차등록증 사본, 주민등록등본 원본 운전면허증 사본 (본인 또는 장애인과 생계를 함께 하는 자) 등록원부갑부 원본(공동명의 확인용)  

 

* 차량을 공동명의 및 할부로 구입하시면 추가 서류가 필요합니다.  자세한 사항은 영업직사원 통해 안내 받으실 수 있습니다."
기아,차량 구매,일반,특장차량 중 냉온장탑차는 어떤 차량인가요?,"고객 필요에 따라 냉동·히팅을 위해 탑 내 온도를 자유롭게 조절 가능한 차량입니다.

냉동, 히팅이 각각 독립된 시스템으로 작동되는데, 냉동시스템은 냉매를 사용하며 히팅시스템은 엔진 열기를  이용하여 겨울철에도 성능저하 없이 히팅 가능합니다. (냉동기 이상 여부와 상관없이 히팅시스템 구동 가능)  

 

유용하게 사용하실 수 있는 업종  

· 냉동·냉장제품 운송업(축산물, 수산물, 채소, 야채, 유제품, 빙과류, 냉동식품 등)

· 온장제품 운송업(의약품, 출장뷔페, 급식업체, 식자재, 프린터 잉크 등)

· 겨울철에 도시락, 과일 등을 얼지 않게 배송해야 하는 고객   

· 항상 일정 온도(약 15ºC)로 관리해야 하는 의약품을 배송하는 고객  · 한파에 깨질 위험이 있는 유리병 제품(술, 음료수) 등을 배송하는 고객"
기아,차량 구매,일반,차량 구입 시 차량대금을 입금할 수 있는 입금계좌가 따로 있나요?,"자동차 매매대금의 송금은 별도로 통지하는 기아(주) 계좌로만 가능합니다. 

차량계약 후 계약자 본인의 가상계좌를 안내해드리고 있으며, 지정된 가상계좌는 계약하신 지점 또는 대리점에 문의하시면 확인 가능합니다.  

차량계약금 및 차량대금은 계약자 본인의 가상계좌로 송금하여 주시고, 무통장 입금증을 잘 보관하여 주시기 바랍니다.  

 

가상계좌란?  

· 다수의 고객과 거래하는 기업이 은행으로부터 가상계좌를 발급받아 고객에게 부여하고, 수납대금이 개별 가상계좌에 입금되면 은행에서 실시간(또는 지정된 시각)으로 기업의 모계좌에  자동으로 이체해주는 서비스입니다."
기아,차량 구매,일반,차량 구입 시 납부하는 ‘의무보험료’는 무엇인가요?,"의무보험료는 차량이 출고된 후 임시운행기간 동안에만 유효한 보험입니다. 

 

임시운행 기간 중 발생되는 교통사고 피해자의 피해배상 보장을 위한  자동차 손해배상 보장법 개정으로 임시운행 허가차량의 의무보험을 반드시 가입·납부하셔야 합니다.

 

보상책임기간은 출고일부터 임시운행 허가기간인 10일 동안이며, 의무보험은 1회 소멸성 보험으로 임시운행증을 반납하거나  다른 책임보험에 가입하시는 경우 자동으로 해지됩니다.

 

차량을 구입하신 경우 임시운행 허가기간 종료 이전에  1년 만기 책임보험 or 종합보험에 반드시 가입하셔야 합니다.  

 

* 기타 의무보험과 관련한 사항은 현대해상화재보험 고객콜센터를 통해 상담받으실 수 있습니다.

(현대해상화재보험 고객 콜센터 : 1588-5656)"
기아,차량 구매,일반,기아 리스에 대해 알고 싶습니다.,"자동차 리스는 리스사(캐피탈사)가 고객이 원하는 자동차를 대신 구매하여 일정계약을 맺고 개인에게 차량을 대여하는 서비스 입니다. 자동차의 명의와 소유는 리스사(캐피탈사)이며, 고객이 매월 대여료를 납부하고 대여하는 방식의 자동차 금융 상품 입니다.

 

고객의 다양한 Needs(차량/색상/옵션 등)에 맞는 맞춤형 차량 구성이 가능하며, 자동차 리스와 관련한 자세한 상담은 전국 기아차 영업점이나 현대캐피탈 고객센터(1588-5211)로 문의하시면 확인할 수 있습니다.  

 

차량이 고장났을 경우 어떻게 해야 하나요?  

· 차량이 고장났을 경우, 고객님께서 직접 정비를 진행하셔야 합니다. 리스차량도 기아 보증기간이  동일하게 적용되며, 기아 정비 네트워크에서 수리 가능합니다.  

 

월 납입금에 세금과 기타비용이 포함되어 있다고 하는데, 구체적으로 어떻게 되나요?  

· 차량 구매 후 납부하는 차량대금, 취·등록세, 자동차세, 공채비용 등이 월 납입금에 포함됩니다.  추가적으로 연 보험료도 월 납입금에 포함시켜 무이자로 분납할 수 있으며,  차량 운행 시 발생할 수 있는 범칙금 및 과태료도 대납 처리할 수 있습니다. (대납 후 별도 청구)

 

상품설명

· 각종 세금 및 서비스 이용대금을 포함하고도 할부보다 40% 저렵하게 이용 가능"
기아,차량 구매,일반,경차 유류세 환급 제도는 어떤 내용인가요?,"정부에서 서민의 유류비 부담 완화를 위하여 경차 소유자의 유류세 일부를 환급해 주는 제도입니다.  

 

① 감면대상

· 배기량 1,000CC미만의 자동차를 소유한 자로서,  경차 소유자 및 주민등록표상 동거가족이 소유한 승용차 또는 승합차 각각의 합계가 1대인 경우   

· 에너지 및 자원사업 특별회계법 시행령 제 3조 제 1항 제 10호의 2에 따른,  지원사업의 수혜대상자인 장애인 또는 국가유공자가 아닌 경우 

 

② 감면내용

· 휘발유·경유 250원/ℓ, LPG 160.82원/ℓ 할인  (유류세 환급 단가는 정부정책에 따라 변동 가능)

 

③ 감면한도 : 최대 20만원

 

④ 적용기한 : ’18.12.31  

* 해당 제도는 자동차 관련 주요 정책·제도 변경에 따라 변동될 수 있습니다. (조세특례제한법) 

* 경차 유류세 환급제도는 2008년도에 한시적으로 도입하여 2년마다 갱신·운영되고 있는 제도이며,  정부 정책에 따라 운영 기간은 변동될 수 있습니다.   

 

환급대상

① 경형승용차 1대만 소유한 경우(모닝, 레이등)

② 경형승합차 1대만 소유한 경우

③ 경형승용차와 경형승합차 각 1대씩만 소유한 경우

· 경형승용차, 경형승합차 각 1대씩 총 2대를 소유헸다면 모두 가능

④ 경형승용차 1대와 화물차 1대 소유한 경우

⑤ 경형승용차 1대를 공동명의로 소유한 경우(1인만)

⑥ 경형승용(승합)차 1대 소유자가 사업자인 경우

 

비 환급대상

① 경형승용차 1대와 승용차 1대 소유한 경우

② 경형승용(승합)차 1대만 소유하고 있으나 장애인 또는 국가유공자 

유류비 지원 대상인 경우

③ 경형승용차 1대와 개인택시(승용차) 1대 소유한 경우

④ 경형승용(승합)차 1대였으나 세대 합가로 2차량이 된 경우

· 세대가 추후 분리된 경우 가능"
기아,차량 구매,일반,장기 렌터카를 구입하고 싶습니다. 어떻게 하면 되나요?,"전국의 기아 영업지점이나, 렌터카영업소를 통해 구입 상담이 가능합니다.  

기아렌터카 영업소

판매 네트워크 바로가기 >"
기아,차량 구매,일반,"차량(구입, 등록, 소유 시)에 부과되는 세금은 어떤 종류가 있나요?","구입 단계 : 개별소비세, 교육세, 부가가치세가 차량 가격에 포함되어 부과  

등록 단계 : 취득세 부과  

소유 단계 : 자동차세 연단위로 부과  

 

* 그 외에 공채 매입과경유자동차에 부과되는 환경개선부담금이 있습니다.  

자세한 내용은 기아홈페이지에서 확인하실 수 있습니다.

세금 바로가기 >"
기아,차량 구매,일반,경차 구입 시 어떤 혜택을 받을 수 있나요?,"① 개소세 면제 및 취등록세 감면

· 4%(단, 취득세액 75만원 한도 감면)

 

② 저렴한 자동차세

· 모닝 998c 기준 자동차세 79,840원 + 지방교육세 23,952원

 

③ 유류세 환급

· 매년 20만원 한도 내에서 리터 당 250원 환급 가능

(각종 카드사에서 발급 가능한 경차전용 카드 사용만 가능)

 

④ 기타

· 이외에도 공영 주차장 50% 할인, 통행 요금 50% 할인 등 다양한 혜택을 누리실 수 있습니다."
기아,차량 구매,일반,차량 구입 시 차량에 장착되는 타이어를 선택할 수 있나요?,"차량에 장착되는 타이어는 엄격한 품질조사를 통해 최상의 부품을 선정하여 공급하고 있습니다.

자동차부품은 품질향상 및 안정적 부품공급을 위해 복수업체를 사용하고 있으며,

따라서 차량에 장착되는 타이어는 제조사 별 임의 선택은 불가합니다."
기아,차량 구매,일반,차량 구입 시 세금계산서 발급 대상은 어떻게 되나요?,"부가가치세법에 의거 개인 및 사업자 구분과 차종에 따라 영수증 또는 세금계산서를 발급하게 되어있습니다.

당사에서는 개인인 경우 경차, 상용차, 버스, 카니발 차량에 한하여세금계산서를 발급하며 이외의 차종은 영수증을 발행하여 드립니다.

또한, 사업자인 경우에는 차종에 관계없이 세금계산서를 발행하여 드립니다. 

세금계산서와 영수증은 차량 출하 시 발급되며, 재발급이 필요하신 경우 차량을 구입하신 판매점(지점, 대리점)을 통해 확인 가능하십니다."
기아,차량 구매,일반,자동차 구입 비용은 소득공제 및 현금영수증을 받을 수 있나요?,"부동산·자동차 등 등기·등록이 되는 재산의 구입비용은 현금영수증 제도 시행부터 근로자의 소득공제 대상에서 제외하고 있으며, 소득공제 제외 대상이 되는 지출의 경우에는 현금영수증 발급대상에서도 제외되고 있습니다.  

* 소득공제 제외항목 : 자동차, 부동산, 선박, 상호, 상표권 등  

 

참고로 연말정산 및 세무상담에 관한 자세한 사항은 국세청 홈페이지 또는 대표상담전화 국번없이 126에서 안내 받으실 수 있습니다.

국세청"
기아,차량 구매,일반,차종별로 구동방식은 어떻게 적용되나요?,"① 전륜 구동방식

· 승용 : 더 뉴 모닝, 더 뉴 프라이드, 더 뉴 K3(쿱), K5, 올 뉴 K7  

· RV : 레이, 쏘울(EV), 카렌스, 스포티지, 쏘렌토, 카니발, 니로, 스토닉 

 

② 후륜 구동방식  

· 승용 : 더 뉴 K9, 스팅어  

·  RV : 더 뉴 모하비  

· 상용 : 봉고Ⅲ 트럭  

 

③ 4륜 구동방식  

· 스포티지, 쏘렌토, 더 뉴 모하비  

* 4륜 선택 차종에 한함"
기아,차량 구매,일반,기아에서 실시하는 이벤트가 있나요?,"기아에서 실시하는 이벤트는 홈페이지에서 확인 또는 참여하실 수 있습니다.

참고로 이벤트는 매월 시장, 계절 또는 월별 특성에 맞추어 계획/운영되기 때문에매월 이벤트 내용이 변경될 수 있습니다.

진행 중인 이벤트 바로가기 >"
기아,차량 구매,일반,차종별 판매조건은 어떻게 되나요?,"이달의 판매조건은 기아 홈페이지 > 구매 > 이 달의 구매 혜택에서 확인 가능합니다. 

또한, 판매조건은 시장 및 재고 상황을 고려하고, 계절 또는 월별 특성에 맞추어 계획/운영되기 때문에매월 조건이 변경될 수 있습니다.

 

기아는 전국 어디서나 동일한 가격과 조건으로 판매되고 있으며, 자세한 내용은지점/대리점에 문의하여 주시기 바랍니다.

이 달의 구매 혜택 바로가기 >"
기아,차량 구매,일반,기아 전시차 및 시승차량은 어디에서 확인할 수 있나요?,"기아 홈페이지에서 전시차 및 시승예약서비스를 확인하실 수 있습니다.  

단, 상황에 따라 시승차 및 전시차 현황이 상이할 수 있으니 영업점으로 확인 후 방문하여 주시기 바랍니다.

 

판매 네트워크 바로가기 >

시승 신청 바로가기 >"
기아,차량 구매,일반,차량 견적을 받는 방법은 무엇인가요?,"차량 견적은 기아 홈페이지에서 간단히 이용이 가능합니다.

홈페이지에서는 차량 판매가격과 옵션을 선택하여 견적을 이용하실 수 있습니다.

또한, 홈페이지 로그인을 하시면 할부 및 차량에 대한 세금 등을 포함한 상세 견적을 이용하실 수 있습니다.

 

아울러, 자세한 문의는 구매상담 전용회선(1588-1100) 또는 가까운 지점/대리점으로 문의하여 주시기 바랍니다.

견적 내기 바로가기 >"
기아,차량 구매,일반,차량대금 신용카드 결제 시 본인 이외 카드로 결제 가능한가요?,"차량 구매자가 개인인 경우 본인 카드만 이용이 가능하며, 계약자가 본인 외 1인인 경우 본인 외 1인의 카드도 허용됩니다. 

개인사업자인 경우 사업자명의 및 대표자 본인카드, 법인인 경우 법인명의 카드만 사용이 가능합니다.

 

신용카드 결제 범위

· 단독개인명의 : 본인 신용카드, 체크카드만 사용가능 (가족카드, 기프트카드(상품권) 불가)

· 공동명의 : 공동명의자 카드 사용가능, (공동명의자가 개인사업자일 경우 사업자 카드 불가)

· 개인사업자 : 사업자, 대표자 개인카드만 가능 (개인 사업자의 기업카드, 공동사업자 유선승인)

· 법인사업자 : 법인신용카드만 사용가능 (개인 신용카드 불가)     

법인기명식카드 → 대표이사, 직원, 사외이사 : 재직증명서, 법인등기부등본 첨부)

 

* 여신전문금융업법에 의거하여 신용카드는 명의자의 사용 동의 여부를 불문하고 타인의 카드를 양도하여 사용할 수 없기 때문에 본인 명의 신용카드로만 결제 가능합니다."
기아,차량 구매,일반,장애인차량을 타인에게 어떻게 양도 할 수 있나요?,"장애인 차량을 일반인에게 양도할 경우

개별소비세 면제 차량 취득 후 5년 이내 장애인이 아닌 일반인에게 양도할경우에는 양도시점에서 개별소비세가 부과됩니다

 

장애인에게 양도할 경우

양수자에게 면세반출 관련 구비서류를 제출받아 양도일이 속하는 달의 다음 달 말까지관할 세무서에 신고하여야 하며 , 신고하지 않은 경우 개별소비세가 징수됩니다.

 

* 자세한 내용은 관할 관청으로 문의바랍니다."
기아,차량 구매,일반,개명을 했는데 기아에 제공된 개인정보 변경 방법은 무엇인가요?,"개명 후 회원정보 변경은 당사 기아 홈페이지 또는 고객센터(080-200-2000)에서 가능합니다.  

 

기아 홈페이지에서 변경 할 경우  

'마이페이지 > 회원정보 수정'에서 가능합니다.

이름 변경 시에는 ‘아이핀 인증하기’ 또는 ‘휴대폰으로 인증하기’를 통해 실명인증 후 변경하실 수 있습니다.   

 

* 홈페이지 사용을 할 수 없거나, 위와 같은 방법으로 진행 시 정상적으로 변경이 되지 않을 경우 고객센터(080-200-2000)로 문의하여 주시기바랍니다. 

회원정보 수정 바로가기 >"
기아,차량 구매,일반,장애인이 차량을 구입할 때 어떤 혜택이 있나요?,"장애인 조건으로 차량 구입 시 혜택 (서울시 기준)

① 개별소비세 면제 

② 지방세(취득세, 자동차세) 면제 

③ 공채매입 면제 

· 일반장애 1~3급 및 국가유공상이 1~7급은 1,2,3번의 혜택을 모두 받으실 수 있으며 그 이외의 장애등급 고객께서는 공채매입 면제만 가능합니다. 

· 지방세는 지방자치 단체별로 면세규정에 차이가 있으므로 구입 전 확인이 필요합니다."
기아,차량 구매,일반,지점과 대리점의 차량 판매금액이 다른가요?,"기아는 판매질서 확립과 고객보호를 위해 정도판매 정책을 적극적으로 추진해왔으며, 그 일환으로 전국 지점 및 대리점 어디서나 동일한 가격과 조건으로 차량을 판매하고 있습니다.

차량 구매와 관련하여 보다 상세한 내용은 가까운 기아 지점(대리점)으로 문의하여 주시기 바랍니다."
기아,차량 구매,일반,차량에 근저당 설정이 되어 있는데 말소할 수 있는 방법은 무엇인가요?,"차량 근저당 설정은 통상적으로 캐피탈 할부를 이용하여 구입할 때 캐피탈 회사에서 신용 또는 보증인 이외에 별도의 채권확보가 필요할 경우에 근저당 설정을 하게 됩니다.

캐피탈 회사에 차량 할부금 완불했을 경우에만 근저당 해지가 가능하며, 필요서류 및 자세한 내용은 근저당을 설정한 캐피탈 회사로 문의하여 주시기 바랍니다."
기아,차량 구매,일반,카달로그/가격표는 어디서 확인 가능한가요?,"카달로그/가격표는 기아 홈페이지 내에서 확인하실 수 있습니다. 

또한, 관심 차종을 선택하시면 차량의 특징, 갤러리, 제원, 차량안전도, 가격 등의 정보를 확인하실 수 있습니다. 

 

카탈로그/가격표 바로가기 >"
기아,차량 정비,일반,단속 카메라 및 안내 경로에 대한 오류 등이 발행하는 경우 어떤 조치를 취할 수 있나요?,"사고를 목격하시거나, 갑작스러운 도로 공사, 통제, 포트홀로 길이 막힌 경우, 지도안내 화면에서 해당 지점을 길게 누르면, ‘사용자 신고’를 바로 실행할 수 있습니다.

신고된 정보는 향후 안전 운행을 위한 소중한 데이터로 활용됩니다. 

* 지도 정보가 이상하면 “지도정보”, 도로 카메라 정보가 잘못되어 있으면 “카메라”, 터널 등 외부 공기를 차단해야 할 곳이 있다면 “외부 공기 차단”을 눌러주세요.

* 표준형5W, 고급형6세대 가 적용된 차종에서 제공됩니다."
기아,차량 정비,일반,모바일 내비게이션 대비 기아 내비게이션의 ‘도착 예정 시간’은 정확한가요?,"기아 내비게이션은 커넥티드 카 기반의 교통 정보 활용, 경로 탐색 품질이 개선되는 순환 구조를 통해 안정된 경로 품질을 제공하고 있습니다."
기아,차량 정비,일반,모바일 내비게이션과 차별화 되는 기아 내비게이션만의 특장점은 무엇인가요?,"① 일반 지도만 사용하는 모바일 내비게이션과는 달리 국내 전국 ADAS 지도 구축을 통해 정확한 지도 정보를 제공합니다.

② GPS 수신정보 외 차량 내 센서 데이터를 이용하여 터널,지하차도, 지하주차장에서도 정확한 길 안내 서비스를 제공합니다.

* 지하주차장 지도를 제공하는 주차장은 코엑스, 롯데 월드, 현대 프리미엄 아울렛 김포, 더현대 서울, 현대백화점 판교점, 디에이치 자이 개포, 디에이치 반포 라클라스 등 을 제공하고 있으며, 앞으로 지속적으로  확대 예정입니다. 

③ 지도 데이터 및 위치 데이터를 활용한 다양한 차량 연동 기능을 통해 차량 내 고객에게 보다 안전하고 편리한 기능을 제공합니다.

- 터널 진입 시 외부공기 유입방지 제어, 내비게이션 연동 스마트 크루즈 컨트롤, 그린존 드라이브 모드 등"
기아,차량 정비,일반,내비게이션 외 클러스터와 헤드업 디스플레이도 무선 업데이트가 되나요?,"2022년 7월 정기 업데이트 시, ‘THE NEW K9 2021’ 모델에 헤드업 디스플레이(HUD)의 길 안내 그래픽이 새롭게 적용 되었습니다.

추후 대상 차종 확대 예정이며, 헤드업 디스플레이 업데이트는 해당 옵션 장착 차량만 가능합니다.

* 클러스터와 헤드업 디스플레이 업데이트 적용 여부는 차종마다 상이할 수 있습니다.

* 지자체 실 도로 유도선 색상과 클러스터/헤드업 디스플레이/내비게이션 유도 색상 정보 동일하게 반영하여 운전자 편의 강화"
기아,차량 정비,일반,내비게이션 무선 업데이트는 어떻게 이뤄지나요?,"일정 시간 이상 주행 시, 최신 버전의 지도와 소프트웨어로 자동 업데이트가 진행되며, 

주행 종료 후 시동을 끌 때 팝업 표시창의 ‘시작’ 버튼을 누르면 시스템 업데이트까지 최종 완료됩니다.

* 업데이트 상태 확인은 '설정-일반-SW정보/업데이트' 에서 확인할 수 있습니다."
기아,차량 정비,일반,내비게이션 업데이트 주기가 어떻게 되나요?,"내비게이션은 연 6회 정기 유/무선 업데이트를 통해 최신 지도 및 안정적인 내비게이션 시스템 & 신규 기능 적용을 제공하고 있으며,

OTA 무선 업데이트를 통해 더욱 편리한 업데이트 경험을 제공하고 있습니다. (단속 카메라 반영 등 기본 정보는 수시로 업데이트 중에 있음)

* OTA 무선 업데이트를 위해서는 기아커넥트 서비스 가입이 필요하며, 표준형5W/고급형6세대가 적용된 차종에서 제공됩니다."
기아,차량 정비,일반,빌트인 캠 USB메모리 저장버튼이 활성화가 안됩니다. 어떻게 해야 하나요?,"USB 연결 단자를 확인해 주세요. 정상적으로 연결 시 화면 상단에 USB 연결 아이콘이 표시됩니다.

빌트인 캠 전용 단자는 멀티미디어 USB단자와 다르게 글로브 박스 또는 콘솔 박스 내부에 위치해 있습니다. (차종별 상이)"
기아,차량 정비,일반,빌트인 캠 업데이트를 하지 않으면 영상 녹화가 안되나요?,"업데이트와 영상 녹화는 관련이 없습니다. 다만, 업데이트를 하지 않은 경우 스마트폰 연결 오류 등 일부 기능이 정상적으로 동작하지 않을 수 있으니 꼭 업데이트를 받으시기 바랍니다."
기아,차량 정비,일반,빌트인 캠 녹화영상 관리 방법이 궁금합니다.,"주행 중 상시 영상은 최대 3시간, 주차 중 상시 영상은 최대 20시간, 주행/주차 중 충격감지 이벤트는 최대 40건, 수동 스위치 녹화는 최대 30건 까지 저장 가능합니다.

저장공간 초과 시 가장 이른 녹화영상부터 자동 삭제되므로, 중요파일은 보관함[★]에 저장하시거나 사고 직후에도 차량 주행 필요 시 '주행중 녹화기능'을 꺼주세요.

* 주행 중 상시 / 주차 중 상시 / 주행 중 이벤트 / 주차 중 이벤트 영상은 독립적으로 분할 저장됩니다."
기아,차량 정비,일반,빌트인 캠 이벤트 알림을 설정했는데도 알림 메세지가 오지 않습니다. 어떻게 해야 하나요?,"① 이벤트 알림은 민감도 설정값이 3단계 이하인 경우만 제공하고 있습니다. 

민감도 4단계 이상 설정한 경우에도, 이벤트 알림 여부와 상관없이 녹화기능은 작동하고 있으니, 걱정마세요. 

* 민감도 4,5단계 이벤트 알림 없는 이유 : 이벤트 알림은 주차 후 최대 5회까지 제공되며, 민감도를 높게 설정할 경우 정말 중요한 이벤트 알림을 받을 수 없어 민감도 보통 이하에서만 알림을 제공하고 있습니다.

* 이벤트 알림 설정 방법 : 인포테인먼트 시스템의 빌트인 캠 화면에서 '빌트인 캠 설정>녹화>주차 중 이벤트 알림'을 선택하면 커넥티드 서비스 앱을 통해 알림을 받을 수 있습니다. 단, 커넥티드 서비스에 가입 후 앱에서도 알림을 받도록 설정하여야 합니다.

 

② 이벤트 알림은 불필요한 알림이 가지 않도록 차량 잠금(도난경보장치 경계 상태) 후 발생한 이벤트에 대해서만 알림을 보내고 있습니다. 녹화 기능은 작동하고 있으니, 걱정 마세요."
기아,차량 정비,일반,빌트인 캠이 스마트폰 USB 케이블에 연결이 잘 안됩니다. 어떻게 해야 하나요?,"① 빌트인 캠 SW 버전을 확인하시고 최신 SW로 업그레이드해 주세요.

· 최신 SW 버전이 아닌 경우, 스마트폰 연결시 오류가 발생할 수 있습니다.

* 최신 SW 여부 확인 방법 : 인포테인먼트 시스템의 빌트인 캠 화면에서 '빌트인 캠 설정>빌트인 캠 소프트웨어 정보'를 선택하면 차량에 설치된 SW 정보를 확인할 수 있습니다. 최신 SW 버전 정보는 빌트인 캠 업데이트 홈페이지 공지사항을 확인하십시오.

 

② USB 케이블을 확인해 주세요. 

· 데이터 통신이 가능한 USB 케이블 사용이 필요하며(충전용 케이블 사용 불가) 노후된 케이블 사용 시 연결이 되지 않을 수 있습니다."
기아,차량 정비,일반,빌트인 캠을 업데이트 할 때 에러가 발생합니다. 어떻게 해야 하나요?,"① 다운로드한 파일을 확인해 주세요.

· 다운로드 시 파일명은 변경하지 말아주세요.

· 다운로드 시 파일 열기 또는 압축해제 하지 마시고, 그대로 USB 메모리에 저장해 주세요.

· 차종을 맞게 선택하셨는지 다시 한번 확인해 주세요. (동일 차종 내 동력계통별, 연식별 파일 상이)

 

② USB 연결 단자를 확인해 주세요.

· 빌트인 캠 전용 단자는 멀티미디어 USB단자와 다르게 글로브 박스 또는 콘솔 박스 내부에 위치해 있습니다. (차종별 상이)"
기아,차량 정비,일반,빌트인 캠 녹화 영상이 없습니다. 어떻게 해야 하나요?,"① 녹화 설정 여부를 확인해 주세요.

· 주행 중 상시 / 이벤트, 주차 중 상시 / 이벤트 모두 체크되어 있는지 확인해 주세요.

 

② 프로필별 설정 여부를 확인해 주세요.

 · 운전자1,2,게스트 모두 빌트인 캠 녹화 설정이 되어 있어야 운전자가 변경되어도 녹화가 유지됩니다.

* 인포테인먼트 시스템에서 프로필 삭제 및 설정을 초기화 할 경우, 빌트인 캠 설정도 초기화되어 다시 설정이 필요합니다.

 

③ (주차 중 녹화가 안되는 경우) 주차 중 녹화 시간 설정값을 확인해 주세요.

 · 주차 중 녹화시간은 최대 10시간 or 12시간 설정이 가능합니다. (차종별 상이)

 

④ (주차 중 녹화가 안되는 경우) 보조배터리 충전량을 확인해 주세요.

· 보조배터리 충전량이 충분치 않은 경우, 설정한 주차 중 녹화시간이 도달하기 전 녹화가 종료될 수 있습니다.

* 보조배터리 연동한 녹화가능시간 확인 방법 : 인포테인먼트 시스템의 빌트인 캠 화면에서 '빌트인 캠 설정 > 녹화 > 주차 중 녹화 시간'을 선택하면 오른쪽 설명 문구에 현재 배터리로 녹화 가능한 시간을 확인할 수 있습니다.

* 보조배터리 완충까지는 약 1시간 30분 이상 충분한 주행이 필요합니다. (차종별 상이)

 

⑤ 이벤트 감지 민감도 설정값을 확인해 주세요.

· 출고시 민감도는 보통(3단계)으로 설정되어 있습니다. 필요시 민감도를 높여주세요."
기아,차량 정비,일반,EV6의 충전 도어 안에 번개 모양의 버튼은 무슨 기능인가요?,"EV6의 충전 도어 內 번개 모양 버튼은 즉시 충전 버튼입니다.

만약에 예약 충전을 해지하고, 즉시 충전으로 전환하고 싶을 경우에는 해당 버튼을 2초 이상 누르면

예약 충전이 자동으로 해지되며 즉시 충전으로 전환됩니다."
기아,차량 정비,일반,하이브리드 차량 12V 배터리 방전 시 어떻게 해야 하나요?,"하이브리드 차량 (K5 하이브리드 / K8 하이브리드 / 스포티지 하이브리드) 12V 배터리 방전 시 충전 방법은 아래와 같습니다.


핸들 좌측 하단에 보면 [12V BATT RESET] 버튼이 있습니다.
해당 버튼을 누르고 15초 이내에 시동을 거신 후, 주행 가능 표시등 'READY'가 켜진 상태에서 30분 동안 정차하거나 주행을 하게 되면 배터리가 충전됩니다.

* 도어가 닫혀있을 때 12V 배터리가 방전이 되면, 도어 핸들 커버를 탈거 후 비상키로 도어 잠금 해제를 하시면 됩니다.
* 아래 링크 접속하시면 하이브리드 12V 배터리 리셋 버튼 활용방법에 관한 영상을 보실 수 있습니다.

하이브리드 긴급 충전 리셋 버튼 사용법"
기아,차량 정비,일반,Kia Digital Key(NFC)란 무엇인가요?,"Kia Digital Key는 NFC 안테나가 장착된 스마트폰 또는 카드 키로 차량의 도어를 열고 시동을 걸 수 있는 새로운 서비스입니다. 

 

Kia Digital Key NFC 카드 키

Kia Digital Key NFC 카드 키는 최초 1회 차량 등록 후 사용 가능하며, 도어 핸들에 카드를 태그 하여 차량에 출입하실 수 있습니다.  

출입 후, 무선 충전 패드에 카드를 거치한 뒤 차량의 시동을 걸 수 있습니다. 

NFC 카드 키 등록 방법"
기아,차량 정비,일반,'Kia Digital Key' App이란 무엇인가요?,"Kia Digital Key 스마트폰 App 

Kia Digital Key 스마트폰 App은 BLE 원격 제어를 통해 약 10m 거리에서 도어 잠금 / 잠금 해제, 원격 시동, 비상경보, 트렁크 열림  등의 기능을 제공합니다. 

또한 스마트폰 App을 통해 자동차 키를 가족이나 지인에게 쉽게 공유할 수 있습니다. 

 

App 설치 및 차량 등록 안내

App 사용 방법"
기아,차량 정비,일반,차량 실내 자동 환기 해제 및 설정 방법은 어떻게 되나요?,"자동환기란

차 실내의 환기를 위해 히터 및 에어컨을 작동할 때 저온에서 내기 모드를 30분 이상 유지할 경우 외기 모드로 자동 전환되는 것입니다.

 

자동 환기 기능 해제 및 설정

히터 및 에어컨 작동 상태에서 버튼을 눌러 모드 선택 후, A/C 버튼을 누른 상태에서 내기 버튼을 3초 이내 5회 이상 누르십시오.

 

자동 환기 기능이 해제될 때는

내기 버튼 내 표시등이 0.5초 간격으로 3회 깜빡이고 자동환기 기능(자동 외기 전환)이 작동하지 않습니다.

 

자동 환기 기능이 설정될 때는

내기 버튼 내 표시등이 0.25초 간격으로 6회 깜빡이고 자동환기 기능(자동 외기 전환)이 작동합니다.

배터리가 방전되었거나 분리되었으면 자동환기 기능이 재설정되므로 필요에 따라 변경하여 사용하십시오.

인포테인먼트 시스템 '설정 > 차량 > 공조 > 자동 환기'에서 자동환기 설정 기능을 설정/해제 할 수 있습니다.

 

* 자세한 설정 방법은 별도로 지급되는 인포테인먼트 시스템 간편 설명서 내에 QR코드로 웹에 접속하여 확인할 수 있습니다."
기아,차량 정비,일반,전기차 충전기 연결 후 고전압(고전압) 배터리가 충전 안되면 어떻게 해야 하나요?,"차량의 충전 관리 설정을 확인하십시오.

(예 : 예약 충전이 설정되어 있는 경우 완속 충전기 및 휴대용 충전기를 연결해도 즉시 충전이 되지 않습니다.)

 

· 완속 충전기, 휴대용 충전기, 급속 충전기의 작동 상태를 확인하십시오.

(충전 작동 상태를 표시하는 방법은 각 충전기 제조사마다 상이할 수 있습니다.)

 

· 충전이 안 되어 계기판에 충전 관련 경고문이 표시되면, 해당 경고문 설명 내용을 확인하십시오.

자세한 내용은 편의 장치 「LCD 표시창」을 참고하십시오.

 

· 정상으로 작동하는 다른 충전기를 연결했을 때, 이전과 동일하게 충전이 되지 않으면, 가까운 자사 직영 서비스센터나 서비스 협력사에서 점검 및 정비를 받으십시오."
기아,차량 정비,일반,전기차 회생제동(패들 쉬프트) 사용방법은 어떻게 되나요?,"회생제동 기능은 차량 감속 및 제동 시 전기 모터를 사용, 운동 에너지를 전기 에너지로 변환시켜 구동용(고전압) 배터리를 충전하는 기능입니다. 

따라서, 패들 쉬프트 레버로 회생제동량(0~3단계)을 변경하여 실제 주행 도로 전비 개선 효과를 동시에 누릴 수 있습니다. 

좌측 패들 쉬프트를 한번 당길 때마다 회생제동량이 1단계씩 상승하면서 차량 감속도가 커지고,

우측을 한번 당길 때마다 회생제동량이 1단계씩 하락해  차량 감속도가 작아집니다. 

패들 쉬프트 좌측을 0.5초 이상 당기고 있으면 회생제동량이 증가하며, 계속 당기고 있으면 차량 정차도 가능합니다."
기아,차량 정비,일반,셀토스 Kia Genuine Accessories 중 적외선 무릎 워머는 어떻게 사용하나요?,"운전석 스티어링 휠 하단에 적외선 무릎 워머가 있습니다.

적외선 무릎 워머를 사용하기 위해서는 운전석 쉬라우드로워 우측면 작동 스위치를 눌러줍니다.

작동 스위치 버튼을 한번 누르면 주황색 작동 표시등이 점등되면서 적외선 무릎 워머가 작동되며 다시 한번 더 누르면

주황색 작동 표시등이 점멸되면서 적외선 무릎 워머 작동이 정지됩니다.

 

상품 설명

· 적외선 무릎 워머의 작동 방식은 초기 작동 시 실내 온도 상승을 위하여 설정보다 높은 온도로 작동하며 그 후 설정된 온도로 작동하는 구조입니다.

· 적외선 무릎 워머는 과열 방지를 위해 최대 30분간 작동 후 정지됩니다.

· 적외선 무릎 워머는 주변부의 온도를 단기간에 상승시키는 기능을 하며, 차량 온열 장치의 보조 기능을 합니다.

· 적외선 무릎 워머 전방에 장애물이 있을 경우 온열 성능 저하의 원인이 되며, 적외선 무릎 워머 표면에 스티커 등을 붙이거나 앞면을 막으면 안 됩니다.

· 초기 작동 시 실내 온도가 작동 온도 범위 이하인 경우 온도 상승이 더딜 수 있으니 기다려 주시기 바랍니다.

 

주의사항

· 작동 상태에서 신체 일부를 접촉 시 화상의 위험이 있으니 접촉하지 마십시오.

· 옷 등의 물건이 적외선 무릎 워머에 접촉된 상태에서는 사용하지 마십시오.

· 적외선 무릎 워머 청소 시에는 부드러운 천을 사용하여 이물질을 제거 바라며,

젖은 수건이나 물티슈 등 수분이 적외선 무릎 워머 외관에 접촉되지 않도록 주의해 주십시오.

· 또한 휘발성 물질 또는 유기 용제 등을 사용할 경우 변색의 우려가 있으므로 사용하지 마십시오.

· 부적절한 정비는 상해 및 각종 사고의 원인일 뿐만 아니라 적외선 무릎 워머 내 안전장치의 훼손을 유발할 수 있습니다.

 

* 이는 제품의 작동 불량 및 차량 화재 등으로 이어질 수 있으므로 반드시 서비스센터를 이용하시기 바랍니다."
기아,차량 정비,일반,차량 출고 시 장착된 타이어 및 휠을 다른 사이즈로 교환해도 되나요?,"차량 출고 시 제공된 타이어 및 휠과 다른 사이즈, 다른 타입의 타이어와 휠을 사용하지 마십시오. 

차량의 안전주행에 영향을 미칠 뿐만 아니라 조향력의 상실 및 전복에 따른 심각한 사고가 날 수 있습니다.

타이어 교환 시, 반드시 모든 타이어와 휠은 동일 사이즈, 동일 타입, 동일 트레드, 동일 제조사, 동일 부하 용량으로 사용하십시오. 

불가피하게 다른 종류의 타이어를 장착해서 운전하게 될지라도 절대 고속으로 운전을 하지 마십시오.  

 

* 타이어 펑크 등 긴급상황이 발생하였을 때는 한시적으로 제공된 타이어 리페어 킷(TMK)을 이용하여 수리한 후 자사 직영 서비스센터나  협력사에서 점검을 받으시기 바랍니다."
기아,차량 정비,일반,"쏘렌토 하이브리드(4WD) 안전 하차 보조(SEA, 전자식 차일드 락 연동)은 어떤 기능인가요?","차량이 정차한 후에 탑승자가 차에서 내리려고 도어를 여는 순간 후측방의 차량을 인식하여

충돌 위험이 판단되면 경고문 표시와 경고음 등으로 운전자에게 알려주는 기능입니다.  

 

추가적으로, 전자식 차일드 락이 작동된 상태에서 후측방의 차량을 인식하여 충돌 위험이 판단되면

운전자가 차일드 락 버튼을 눌러도 차일드 락이 해제되지 않아 뒷좌석 탑승자가 도어를 여는 것을 방지합니다."
기아,차량 정비,일반,하이브리드 차종 스마트 모드 선택 후 시동을 껐다 켜면 모드가 변하나요?,"하이브리드 차종의 2WD의 경우

· 「DRIVE MODE」 또는 「DRIVE / TERRAIN」 노브를 돌려 SMART 모드를 선택하면 계기판에 「SMART」 표시등이 켜집니다. 

· SMART 모드는 시동을 끄고 다시 걸어도 SMART 모드가 유지됩니다.

· SMART 모드에 진입하면 변속 패턴, 엔진 토크, 구동력 배분 등이 운전 성향에 따라 자동으로 제어됩니다. 

* 단, 하이브리드 차종의 4WD의 경우 SMART 모드를 작동시킨 후, 다시 시동을 걸면 ECO 모드로 돌아가오니,

필요할 경우 다시 SMART 모드를 선택하십시오."
기아,차량 정비,일반,헤드업 디스플레이 영상이 잘 보이지 않아요. 왜 그런가요?,"다음과 같은 조건에서는 헤드업 디스플레이 영상이 잘 보이지 않을 수 있으므로 주의가 필요합니다. 

· 운전석 좌석에 앉은 위치가 바르지 않을 때  

· 편광 필터로 된 선글라스 착용할 때  

· 노면이 젖은 상태일 때  

· 차량 내부에 부적절한 조명을 사용하거나 외부에서 빛이 들어오는 경우  

· 운전자의 시력(안경 미착용 등)에 맞지 않은 안경 착용할 때 

 

헤드업 디스플레이 영상이 정상적으로 보이지 않을 경우 계기판의 사용자 설정 메뉴에서 영상 위치를 조절하거나 밝기를 조절해 보십시오.  

헤드업 디스플레이 시스템의 점검, 정비 시 영상 보정 및 전용 윈드 쉴드를 사용해야 하므로 자사 직영 서비스센터로 문의하십시오."
기아,차량 정비,일반,Kia Pay는 어떻게 사용하나요?,"내비게이션 화면을 통해 주유, 주차 제휴 가맹점에서 실물 카드 없이 편리하게 결제할 수 있는 기아의 간편 결제 서비스입니다.  

 

주유 요금 결제 

내비게이션 화면 터치로 주유 요금을 결제하고 포인트 사용/적립까지 한 번에 하세요.

더 이상 주유하실 때마다 번거롭게 결제 카드와 멤버십 카드를 챙기실 필요 없습니다.

간단한 내비게이션 화면 터치만으로 포인트를 사용, 적립해서 간편하게 결제하세요.

 

주차 요금 결제  

주차 요금을 차량 안에서 쉽고 빠르게 정산하고 바로 출차 하세요.

더 이상 주차 요금 사전 정산을 위해 긴 줄을 서거나 정산소에 카드를 제출하기 위해 차량을 바짝 대지 않으셔도 됩니다. 

주차 후 차량에서 시동만 걸어 주차 요금을 결제하세요. 

 

* 보다 자세한 사용방법은 기아멤버스 홈페이지를 통해 확인하실 수 있습니다.  

기아멤버스"
기아,차량 정비,일반,"전조등 각도 조절장치는 어떤 장치이며, 어떻게 설정/사용하나요?","운전자가 야간 운전 시 시야를 확보하고 피로감을 줄일 수 있도록 탑승자의 무게나 차량 적재 조건에 따라 차량 기울기가 달라질 때 전조등 각도를 조절할 수 있는 장치입니다.  

 

조절장치의 숫자가 높을수록 전조등 각도는 아래를 향하도록 되어 있습니다.

운전 시에는 반대편 차량의 운전을 방해하지 않는 선에서 각도를 유지하도록 조절하십시오. 

아래의 표를 참고하여 적절한 각도를 유지하십시오.

표와 다른 여러 가지 조건 하에서 운전할 경우에는 각도 조절장치를 표와 가장 근접한 조건에 맞추어 조절하십시오."
기아,차량 정비,일반,4세대 쏘렌토 차량의 후진 연동 사이드미러 각도 조절은 어떻게 하나요?,"차를 정지한 상태에서 브레이크 페달을 밟고 난 후 변속 다이얼을 ‘R’단으로 조정하신 후에 원하시는 미러 L(왼쪽)/R(오른쪽) 선택 후

미러 글라스 위치를 눌러 각도를 조정하시면 됩니다.

주의하실 점은 미러 선택 스위치 변경 시 선택 스위치의 중립 위치에서 글라스 자동 복귀 완료 후 원하는 미러 스위치를 변경해 주세요. 그렇지 않으면 글라스가 계속 내려갑니다.

그러고 나서 변속 다이얼을 ‘R’단(후진)이 아닌 다른 변속 단으로 변경하면 조절한 미러 각도가 자동으로 저장됩니다.

 

참고사항

· 실외 미러 각도 조절 및 저장 (User Set Mode 기능 지원)

· 변속 다이얼이 후진(R)에 위치할 때 기본으로 제공되는 실외 미러 하향 각도에서 운전자의 시야 확보가 어려울 경우 

운전자가 원하는 각도로 조절하고 저장할 수 있습니다. 

· 차량이 출고될 때 후진 시 실외 미러가 하향 되는 각도는 운전자 시야 확보를 위해 좌우가 서로 다를 수 있습니다.

 

① 차량이 정지한 상태인지 확인하십시오.
② 브레이크 페달을 밟고 변속 다이얼을 「R」 위치로 돌리십시오.
③ 조절을 원하는 실외 미러 선택을 위해 L (왼쪽) 또는 R (오른쪽) 버튼을 누르고 스위치 「▶」 부분을 눌러 실외 미러를 원하는 각도로 조절하십시오.
* 주의사항 : 미러 선택 스위치 변경 시, 선택 스위치의 중립에서 글라스 자동 복귀 완료 후 스위치를 변경해 주십시오.
④ 변속 다이얼을 「R」 (후진) 단이 아닌 다른 변속 단으로 변경하면 조절한 실외 미러 각도가 자동으로 저장됩니다.
* 주의사항 : 차량 출고 시 기본적으로 제공하는 하향 위치보다 실외 미러 위치를 상향 조절을 할 경우 비정상 작동 조건으로 판단하여,
사용자 위치를 저장하지 않고 추후 후진 시에도 기본 제공 위치로 하향 됩니다."
기아,차량 정비,일반,리모트 360˚ 뷰가 어떤 기능인가요?,"리모트 360˚뷰는 4세대 쏘렌토에 적용된 기능으로 운전자가 멀리 떨어진 상황에서도 스마트폰의 UVO 어플리케이션을 통해 
원격으로 차량 주변 상황을 확인할 수 있는 기능입니다. 

대형 마트나 백화점 주차장에서 주차 위치가 기억나지 않을 때, 이 기능을 활용하면 쉽게 내 차의 위치를 확인 할 수 있습니다."
기아,차량 정비,일반,전자식 변속 다이얼 자동변속기 차량의 중립 주차 방법이 어떻게 되나요?,"다른 사람이 차량을 움직일 수 있도록 주차시켜 놓을 때는 다음과 같이 하십시오.  

 

① 시동 「ON」 또는 엔진 시동 상태에서 주차 브레이크를 해제하십시오.  

· 전자식 파킹 브레이크(EPB)가 장착된 차량은 전자식 파킹 브레이크(EPB) 스위치를 눌러 해제하시고, AUTO HOLD 기능이 작동되어 있으면, 「AUTO HOLD」 스위치를 눌러 기능을 해제하십시오.  

 

② 변속 위치를 「P」 (주차)에 두고, 시동을 끄십시오.

· 「P」(주차) 이외 정차 상태에서 시동을 OFF 해도 자동으로 「P」로 변경됩니다. 

· 하지만, 안전을 위해서 항상 시동을 끄기 전에 「P」 상태에서 시동을 끄십시오. 

 

③ 브레이크 페달을 밟고 변속 다이얼을 오른쪽 또는 왼쪽으로 한 칸만 돌린 상태로 약 1초 이상을 유지하면 「N」 (중립) 단 주차를 할 수 있습니다.  

· 변속 위치를 「P」에 다시 두면 「P」단으로 다시 변속이 가능합니다.  · 시동을 끈 후 약 3분 동안만 「N」 ↔ 「P」단으로 변속이 가능합니다"
기아,차량 정비,일반,"리콜/무상수리 고객 통지문을 받았는데, 어디서 정비를 받아야 하나요?","우편으로 받으신 '리콜 고객 통지문'에는 기아에서 운영하는 직영 서비스센터의 연락처가 기재되어 있으며,

고객님 인근 지역의 서비스 협력사(오토큐)에서도 서비스를 받으실 수 있습니다.

* 직영 서비스센터/서비스 협력사 입고 전 예약은 필수이며, 대기 차량 및 부품 보유 여부를 전화로 확인하신 후 입고하시기 바랍니다.

 

MyKia 리콜 고객 통지문 확인 방법 : 전체 메뉴 > 내 차 정보 > 무상 수리 안내 팝업 

오토큐 예약 방법 : 구글 플레이스토어 또는 애플 앱스토어에서 'MyKia' 검색/설치 및 가입 후 아래의 방법으로 예약

① 내 차 관리 > 정비 예약 

② 차량 선택

③ 정비 항목 - 무상수리(리콜) 및 서비스 거점(직영 서비스 센터 또는 오토큐 선택)

④ 날짜 선택

⑤ 예약 정보 확인"
기아,차량 정비,일반,다중 충돌 방지 자동 제동 시스템이 무엇인가요?,"다중 충돌 방지 자동 제동 시스템(MCB : Multi-Collision Brake)은

차량의 정면 또는 측면 충돌사고로 에어백 전개 시 차량에 적절한 자동 긴급 제동을 통해 2차 사고 및 다중 충돌을 방지하는 기능입니다."
기아,차량 정비,일반,기아 디지털 키에 대해 알기 쉽게 확인하는 방법이 있나요?,"유튜브 동영상으로 기아 디지털 키 사용방법을 쉽게 확인하실 수 있습니다.  

유튜브에서 'KIA Digital Key 사용자 가이드'를 검색하시거나 아래 링크를 통해 확인 가능합니다.  

 

유튜브 KIA Digital Key 사용자 가이드(일반 버전)

유튜브 KIA Digtal Key 사용자 가이드(수화 버전)"
기아,차량 정비,일반,NFC 카드 키 등록 방법 및 주의사항은 무엇인가요?,"등록 방법 

① 카드 키 등록 인증 : 스마트폰 앱(기아 디지털 키) 메뉴에서 “카드 키 등록 인증” 누르고,  인증  방식(블루투스 인증 또는 NFC 인증)을 선택

· 스마트폰 앱(기아 디지털 키) 메뉴에서 “카드 키 등록 인증” 누름 >


· 블루투스 인증 차량과 블루투스가 연결된 상태에서 등록 인증 버튼을 누름 >

· NFC 인증 도어 핸들에 스마트폰 NFC 안테나를 태그 하여 등록 인증을 진행함 >

· 인증 이후 5분 이내에 스마트 키를 소지한 상태에서 NFC 카드 키 등록 실시함

 

② 카드 키 등록 : 카드 키 등록 인증 성공 후,

· 무선 충전 패드 위에 NFC 카드 키 정확하게 밀착해서 올바르게 놓아야 함 (카드 키 거치 불량 시 등록 오류 가능)

· 이후, AVN 설정(SETUP)에서  '차량 > 디지털 키 > 카드 키 > 등록' 순으로 선택해서 NFC 카드 키 최종 등록 완료 실시

 

주의사항

① 카드 키 등록 전 스마트폰 키 등록이 선행되어야 하며, 별도의 사전 인증 절차를 수행 후 카드 키 등록이 가능함 (차량 1대에 1개만 등록 가능함)

② 카드 키 등록은 기아 디지털 키 앱이 설치된, 스마트폰과 스마트 키가 필요함 (차량 실내에 스마트키를 소지한 상태에서만 가능함)

· 블루투스 or NFC 인증 후, 무선 충전 패드 위에 먼저 카드 키를 올바르게 놓아야 함

· AVN 화면에서 등록 절차 수행해야 함 (순서 비준수 시 정상 등록 안될 수 있음) 

* 단, AVN 화면에서 등록 절차 (차량 > 디지털 키 > 카드 키 > 등록) 수행 중 “등록이 취소되었습니다” 문구 표출 시 

반드시 카드 키 거치 유지한 상태에서 “등록” 버튼 다시 누름 (3~4회 반복 시도 후, 정상 등록 여부 확인 필요)

 

③ 무선 충전 패드 위에 금속류의 패드 커버를 씌우거나 금속류의 핸드폰 케이스 또는 금속류 물건을 올려놓을 시, 카드 키 등록 인식 오류가 생길 수 있음

④ 무선 충전 패드 위에 NFC 카드 키 거치 불량 時 등록 인식 오류가 생길 수 있음 (무선 충전 패드 중앙 위치에 밀착해서 올바르게 놓아야 함)

⑤ NFC 카드 키는 보증수리 항목에 포함되지 않는 일반 소모품으로, 고객 부주의로 인한 파손 및 분실 시 A/S가 불가능함

⑥ 아이폰 사용자는 스마트폰 App 설치 및 NFC 카드 키 등록 인증을 진행할 수 없으므로, 가까운 서비스센터 또는 오토큐에 본인 확인을 위한 필요 서류를 지참하여 방문

 

본인 확인 필요 서류

개인 직구매 : 차량등록증, 신분증

법인 직구매 : 차량등록증, 신분증, 재직증명서(재직증명서 발급 불가 시 법인인감증명으로 대체 가능)

리스/렌트 개인 : 차량등록증, 신분증, 리스/렌트 계약서

리스/렌트 법인 : 차량등록증, 신분증, 리스/렌트 계약서, 재직증명서 (재직증명서 발급 불가 시 법인인감증명으로 대체 가능)"
기아,차량 정비,일반,"디지털 키 기능이 있는 차량을 중고로 구입했는데, 디지털 키 사용을 어떻게 해야 하나요?","디지털 키 기능이 있는 차량을 중고로 구입하셨다면 먼저, 저희 기아에 차량 소유자 인증을 받아 주셔야 합니다. 

번거로우시더라도 계신 지역 인근에 위치한 오토큐에 차량과 함께 방문하시어 소유자 변경에 대한 인증을 받아 주시기 바랍니다. 

인증을 받으신 익일(영업일 기준) 기아멤버스 사이트에 회원 가입을 하시면 디지털 키 차량 등록이 가능하며, 이후 스마트폰에 디지털 키 앱을 설치하여 키를 사용하실 수 있습니다. 

 

① 오토큐 방문 및 차량 소유자 인증 (명의자 본인이 차량 및 차량 등록증 지참) 

② 기아멤버스 사이트 회원 가입 > MY 멤버스, 디지털키 차량등록 확인 (사이트 내 차량 소유 인증 필요) 

③ 스마트폰에 디지털 키 APP 설치 및 서비스 가입>차량 동기화 (페어링)"
기아,차량 정비,일반,법인 명의 차량의 디지털 키 관리는 어떻게 해야 하나요?,"기아멤버스 사이트에 법인회원으로 계정 생성한 후 디지털 키 주 사용자를 지정할 수 있습니다.

회원가입 시 법인 회원 여부 확인을 위해 차량 구매 시 발급받은 기아멤버십카드 번호가 꼭 필요합니다.  

법인 회원가입 > 약관 동의 > 법인 회원 확인 > 계약 정보 입력 > 가입 완료  

 

기아멤버스 사이트 법인회원으로 계정 생성 후 로그인을 하면 Kia 디지털 키 법인 사용자 간편 MY 멤버스에서 디지털 키 정보 확인 및 관리가 가능합니다. 

디지털 키 정보는 주 사용자 배정 차량 대수 / 주 사용자 미배정 차량 대수를 보여주고, 사용자 관리 화면으로 바로 이동할 수 있도록 버튼 링크를 제공합니다.  

주 사용자 관리 메뉴는 법인 담당자가 디지털 키 차량에 대해 주 사용자를 배정하는 화면입니다. 

목록에서 직접 주 사용자 정보를 입력 후 저장하거나 삭제할 수 있고, 주 사용자 목록을 엑셀로 다운로드한 후 해당 엑셀 파일에 주 사용자 정보를 입력하여 업로드하는 방법으로도 관리가 가능합니다. 

 

* 주 사용자 정보가 저장 삭제된 경우 디지털 키 소유키가 발급되거나 회수되는 것이므로 정보 관리에 유의해 주세요.

기아멤버스 법인 회원"
기아,차량 정비,일반,K5에 적용된 음성 인식 차량 제어가 어떤 기능인가요?,"대화 형태의 음성 명령으로 운전 중 창문 개폐, 앞 좌석 시트 열선 및 통풍, 뒷좌석 시트 열선, 스티어링 휠 열선, 공조 등을 제어할 수 있는 기능입니다.

3세대 K5 차량에 10.25인치 UVO 내비게이션 적용 시 해당 기능을 이용할 수 있습니다. 

 

적용 조건

① 반시동 상태 

② UVO 개통 및 서버 음성 인식 사용

 

사용 방법

① 스티어링 휠에 버튼 누르기

② 음성 명령

③ 명령어 인식 화면 표시

④ 차량 제어"
기아,차량 정비,일반,K5에 적용된 원격 스마트 주차 보조가 어떤 기능인가요?,"원격 스마트 주차 보조(RSPA)는 주차하기 어려운 좁은 공간 등의 상황에서 원격 전/후진 기능으로 차량을 원격 주차해 주는 기능입니다.  

이를 통해 운전자와 동승객이 손쉽게 승하차를 할 수 있도록 도와줍니다. 

 

* RSPA: Remote Smart Parking Assist"
기아,차량 정비,일반,폭설 시 어떻게 행동하는 것이 좋은가요?,"폭설 시 행동요령

· 라디오를 항상 청취하고 고속도로 안내전화(1588-2504)를 이용하십시오.

· 눈길에서는 감속운전을 하십시오. 

· 차량 방치 및 갓길 주차는 제설작업에 지장을 초래하니 삼가십시오. 

· 부득이 벗어날 때는 연락처를 반드시 남겨 두십시오. 

· 차간 안전거리를 확보하고 브레이크 사용을 자제하십시오. 

· 수시로 차량 주변의 눈을 치워 배기관(머플러)이 막히지 않도록 하십시오.

 

고속도로 안내전화 및 권역별 라디오 주파수

· 고속도로 안내전화 : 1588-2504, 031-710-7240~5, 031-710-7251~6

· 재난 시 라디오 주파수"
기아,차량 정비,일반,공기 청정 에어 솔루션이 무엇인가요?,"공기 청정 에어 솔루션은 기아에서 제공하는 오토큐 브랜드 상품 중 하나입니다. 

에바코팅과 헥사필터를 통해 공기의 주 오염 원인이 되는 입사(미세먼지), 가스(냄새), 바이러스(에바오염)로부터 차량 내 승객을 보호해 드립니다. 

오토큐 브랜드 상품은 기아멤버스 사이트의 이벤트 페이지에서 구입하실 수 있으며 자세한 내용은 상품 유통사인 오토앤(1644-7160)에서 안내받으실 수 있습니다."
기아,차량 정비,일반,친환경 전기차 충전카드는 어떻게 발급받나요?,"공공충전기에서 사용하실 수 있는 충전카드를 발급받으실 수 있습니다. 

환경부 충전카드는 기본으로 발급받으시고, 기아 충전 파트너사 카드를 추가로 발급 받으실 수 있습니다.

 

환경부 충전카드 발급

① 환경부 전기차 충전소 홈페이지를 통한 회원가입 및 회원카드 신청 가능

② 회원가입 고객 대상 차종 및 출고/등록 여부 확인 즉시 충전카드 발송

③ 충전카드 수령(3~4일 소요) 후 홈페이지 카드 사용 등록 시 공용 충전기 이용 가능

* (2019년 기준) 환경부 중심으로 전체 민간 충전사업자 통합

 

기아차 충전 파트너사 가입 및 멤버십 카드 발급

① 기아차 충전 파트너사 홈페이지(한국전기차 충전 서비스, 에스트래픽)를 통한 회원가입 및 멤버십 카드 신청

② 파트너사 멤버십 카드 수령(3~5일 소요) 후 파트너사 멤버십 카드로도 공용 충전기 이용 가능

* 유의 사항 : 충전 파트너사 멤버십 미가입 시 레드 포인트 사용 불가

 

환경부 전기차 충전소"
기아,차량 정비,일반,K7 프리미어 전자식 변속레버 자동변속기 차량의 중립 주차 방법이 어떻게 되나요?,"다른 사람이 차량을 움직일 수 있도록 주차시켜 놓을 때는 다음과 같이 하십시오. 

 

① 시동 「ON」 또는 엔진 시동 상태에서 주차 브레이크를 해제하십시오.

· 만약 AUTO HOLD 기능이 작동되어 있으면, 「AUTO HOLD」 스위치를 눌러 기능을 해제하십시오.

② 브레이크 페달을 밟고 변속레버의 「P」버튼을 누른 후 시동 「OFF」상태로 하십시오.

③ 브레이크 페달을 밟고 UNLOCK 버튼을 누르고 전방 1칸 1초 이상 조작 시 「N」(중립) 상태로 변경됩니다.

 

* 「N」(중립) 단 주차를 할 경우 주차 장소가 평지인 곳인지 확인 후 주차하십시오.

경사로에서는 차가 움직여서 안전사고가 발생할 수 있습니다.

* 바퀴 구동이 필요한 자동세차기 이용 시 변속레버를 「N」(중립) 단으로 변속하십시오."
기아,차량 정비,일반,"신차는 자동세차를 이용하면 안 좋다는데, 사실인가요?","맞습니다.

자동세차기의 사용은 차체의 잔 긁힘으로 도장 면이 손상될 수 있습니다. 

신차일수록 더욱 손상될 수 있으므로 자동세차보다는 손 세차를 하시는 것이 좋습니다. 

또한, 세차 후에는 물기가 마를 때까지 직사광선을 피하시고, 가급적 물기를 빨리 말리는 것이 물 얼룩 예방에 좋습니다."
기아,차량 정비,일반,시트 관리 방법을 알려주세요.,"천 시트 사용 시 주의사항

천 시트는 재질 특성상 진공청소기를 사용하여 정기적으로 청소하는 것을 권장합니다.

음료 얼룩 등으로 오염이 많이 발생한 경우 적합한 인테리어용 세정제를 이용하시기 바랍니다.

이때 표면이 손상되지 않도록 적절한 세기로 부드러운 스펀지나 극세사 천을 이용하여 봉제선까지 넓은 범위로 닦아 내십시오.

표면에 올 풀림, 긁힘 등이 발생할 수 있으니 의류의 벨크로(찍찍이)와 날카로운 물체와 마찰에 주의하시기 바랍니다.

 

가죽 시트 관리 방법

· 진공청소기를 사용하여 주기적으로 시트 표면에 있는 먼지와 모래를 제거하여 주십시오.

· 가죽의 마모나 표면의 파손을 예방하여 품질을 유지할 수 있습니다.

· 천연가죽 시트 커버링은 마른 천이나 부드러운 헝겊을 이용하여 자주 닦아주는 것이 좋습니다.

· 적합한 가죽 보호제를 사용할 경우 커버링의 마모를 예방할 수 있고 컬러를 유지하는데 도움이 됩니다. 가죽 코팅제나 보호제는 반드시 사용설명서를 참고하여 주시고 전문가와 상담 후 사용하십시오.

· 밝은 색 가죽(베이지, 크림 베이지)은 오염에 취약하고 선명하게 보이므로 자주 청소해 주는 것이 좋습니다.

· 젖은 수건으로 자주 청소하는 것은 표면의 균열을 발생시키므로 삼가 주십시오.

 

가죽 시트 청소 방법

가죽제품(스티어링 휠, 시트 등) 청소 시에는 중성 세제 또는 알코올이 소량 함유된 세척제를 사용하십시오.

강한 산성/알칼리성 및 알코올이 다량 함유된 세척제를 사용할 경우, 변색 및 표면 벗겨짐 등의 손상이 발생할 수 있습니다.

모든 오염물질이 묻었을 경우 즉시 제거해 주시고 오염 물질별 제거 방법은 아래 사항을 참고하십시오.


· 화장품(선크림, 파운데이션 등)에 의한 오염

헝겊에 클렌징크림 일정량을 묻혀 오염 부위를 문질러 주십시오. 젖은 천으로 클렌징크림을 닦아 내고 마른 천으로 물기를 제거합니다.

· 음료(커피, 탄산음료 외)


 마른 천에 중성세제를 소량 묻혀 가볍게 닦아 내고 오염물이 묻어 나오지 않을 때까지 닦아 주십시오.

· 기름(오일)


오염 즉시 흡수성 천으로 기름을 제거하고 천연가죽 전용 얼룩 제거제를 사용하여 닦아냅니다.

· 껌


껌이 묻었을 경우 얼음을 이용하여 딱딱하게 굳힌 후 조금씩 떼어내십시오."
기아,차량 정비,일반,차량 내장 손질 방법을 알려주세요.,"내장 손질의 일반적인 주의사항

· 내장품 표면에 화학 물질(손 세정제, 종이 방향제, 선 크림 등)이 묻지 않게 하십시오.

· 화학 물질이 묻었을 경우, 실내 부품이 손상될 수 있으므로 즉시 제거하십시오. 

· 내장품을 세척할 때는 아세톤, 락카용제, 에나멜 및 표백제, 휘발유 또는 시너 등의 유류 물질 등을 절대로 사용하지 마십시오. 변색되거나 손상이 올 수 있습니다. 

· 액상 방향제를 실내에 사용할 때 계기판 부위, 크래쉬패드 및 플라스틱 부분에는 절대 부착하지 마십시오.

· 만약, 액상 방향제가 유출되어 계기판 부위, 크래쉬패드 및 공기 통풍구 등에 묻으면 액상 방향제 고유의 성분에 의해 손상될 수가 있습니다. 이때에는 신속하게 깨끗한 물로 세척하십시오.

· 인스트루먼트 패널에 전장품, 방향제, 스티커 등을 부착하지 마십시오.

· 특히 양면테이프를 사용한 부착물의 경우 테이프에 함유된 화학성분에 의해 인스트루먼트 패널의 표면부가 손상될 수 있습니다.

· 엠블럼, 도어 인너 핸들, 가니쉬, 풀 핸들, 스위치 베젤 등과 같은 도장 처리된 부품은 화학용액이나 강한 세제로 닦지 마십시오.

· 선팅제거제 등과 같은 화학 용액이 묻었을 경우에는 표면이 벗겨지거나 변색이 될 수 있으니 주의하며 묻었을 경우 즉시 닦아 내십시오.

 

실내 장식품과 내장 트림의 청소 방법

· 먼지떨이 빗자루나 진공청소기를 사용하면, 비닐의 먼지나 오물이 제거됩니다. 

· 내장재 혹은 카펫용으로 추천된 부드러운 비누액을 사용하여 청소하십시오.

· 묻은 지 얼마 안 된 얼룩은 섬유 얼룩 제거제로 빨리 청소하십시오. 

그렇지 않으면, 섬유가 더러워지고 변색될 수 있습니다. 또한, 재질에 맞게 적절히 다루어지지 않으면, 보온 성능도 저하될 수 있습니다.

· 기름이 묻은 곳은 알코올을 이용하여 닦아내십시오."
기아,차량 정비,일반,2열 도어 하단에 부착된 스티커는 무엇인가요?,"2열 도어의 뒤쪽 하단에 부착된 투명 스티커는 '안티 치핑' 필름입니다. 

차량 주행 시 노면으로부터 튀는 모래와 자갈 등으로 인한 하단 부의의 손상을 방지하기 위한 필름으로 일부러 떼어내지 않는 것이 좋습니다."
기아,차량 정비,일반,셀토스 차량의 사운드 무드 램프에는 어떤 컬러가 있나요?,"사운드 무드 램프

사운드에 따라 밝기가 변하는 무드 조명을 도어 스피커와 크래쉬 패드 가나쉬에 적용하였습니다.

셀토스 차량의 사운드 무드 램프에 지원되는 컬러입니다.   

 

은은한 조명 (단색 / 8가지 컬러) 

· 블루 플라이트  

· 피스풀 포레스트

· 드림 퍼플  

· 오로라 바이올렛  

· 오렌지 딜라이트  

· 골든 인사이트  

· 리프레싱 오션  

· 슈퍼 레드   

 

색상 테마 (테마 모드)  

· 파티 타임  

· 헤이! 요!  

· 여행 로맨스  

· 미드나잇 시티  

· 카페"
기아,차량 정비,일반,니로 EV에 적용된 충전 전류 메뉴의 차이점이 무엇인가요?,"기아 니로 EV의 내비게이션에서 충전 관리 > 충전 전류 메뉴를 선택하면 완속(고정용) 충전 전류와 완속(휴대용) 충전 전류의 두 가지 메뉴가 있고,

메뉴를 선택하시면 최소/감소/최대가 있는데, 각 메뉴의 차이는 충전 속도입니다.  

 

최대로 선택하면 충전 속도가 올라가지만, 각 충전 환경 상 '최대' 전류를 사용하지 못하는 경우가 있습니다. 

각 가정마다 사용할 수 있는 최대 전류량이 일정 수준 이상이 못 넘도록 만들어져 있을 것이고, 그 이상을 넘으면 누전으로 판단하여 누전 차단기(일명 두꺼비집)가 내려갑니다.  

 

간혹, 노후된 집에서 에어컨 등 전기를 과다하게 사용 시 갑자기 전기가 차단되는 현상과 동일합니다. 

이 현상이 전기차 충전 중에도 발생하므로 특수한 상황을 고려하여 전류량을 조절할 수 있도록 메뉴가 만들어져 있습니다."
기아,차량 정비,일반,빌트인 캠이 무엇인가요?,"빌트인 캠은 차량에 장착된 전방에 있는 빌트인 캠 카메라와 후방 카메라를 이용하여 작동 설정 및 스위치 입력 등의 조건에 따라 영상을 기록하는 장치입니다. 

차량 전·후방 영상을 녹화하고 내비게이션 화면이나 스마트폰을 통해 찍은 영상을 실시간으로 확인할 수 있습니다."
기아,차량 정비,일반,야간 운전 요령이 어떻게 되나요?,"① 전조등 미리 켜기

전조등은 어두워질 무렵부터는 켜는 것이 안전합니다.

② 낮보다 20% 주행속도 감속

밤에는 낮보다 체감속도가 더 빠르므로 주행속도를 20% 정도 감속하는 것이 좋습니다.

③ 실내는 어둡게

실내 등은 전방 시야를 방해하므로 실내 등을 끄고 운행하는 것이 좋습니다.

④ 마주 오는 차 배려

한적한 길에서는 상향등, 마주 오는 차가 있으면 하향 등을 점등하여 상대편 운전자가 시야를 확보할 수 있도록 배려하는 것이 좋습니다."
기아,기아멤버스,일반,기아멤버스 모바일카드 발급과 사용방법이 어떻게 되나요?,"기아멤버스 모바일 카드는 기아멤버스 홈페이지 또는 기아 App에서 회원가입을 하시면 발급받으실 수 있습니다. (카드회원까지 가입 필수)

모바일 카드도 실물 카드와 동일하게 바코드 제시 또는 카드번호 입력을 통해 포인트 적립/사용이 가능합니다.

(제휴처에서 바코드 리딩이 어려울 경우 단말기에 카드번호 입력 후 사용)

 

[기아멤버스 모바일카드 조회 방법]

1) 기아멤버스 홈페이지 : 로그인 → 우상단 바코드 아이콘 클릭 → 기아멤버스 모바일카드 바코드 및 카드번호 표출

2) 기아 App : 로그인 → 우상단 마이페이지 아이콘 클릭 → '기아멤버스' 버튼 클릭 → 기아멤버스 모바일카드 바코드 및 카드번호 표출

 

[유의 사항]

  * 기아멤버스 모바일카드는 기아멤버스 개인회원에 한해 발급 가능합니다. (개인(법인 실운행자 포함), 개인사업자 고객)

  * 기아멤버스 법인회원은 실물카드로만 발급 가능합니다. (법인고객)

   ☞ 최초 차량 구매 시 담당 오토컨설턴트를 통해 기아멤버스 법인회원 가입신청을 요청해주시기 바랍니다.

      기아멤버스 법인회원 카드는 차량등록증이 실제 발급된 후, 실물카드로 우편 배송됩니다(7~10일 소요).

 

기아멤버스 홈페이지 : https://members.kia.com/kr/view/kindex.do"
기아,기아멤버스,일반,기아멤버스 카드를 모바일카드 or 실물 카드로 선택하여 받을 수 있나요?,"기아멤버스 개인회원의 경우 기본적으로 모바일카드로 발급되며, 실물카드가 추가로 필요하신 경우

기아멤버스 홈페이지 → 로그인 → MY 멤버스 → 나의 카드 조회 → 카드 발급 신청 페이지에서 '추가발급 신청하기' 를 눌러서 발급이 가능합니다. (우편 발송)

 

[유의 사항]

  * 기아멤버스 법인회원은 실물 카드로만 발급 가능합니다. (법인고객)

  * K9 구매 고객용 전용 멤버십 '더 멤버십 K9'은 실물 카드가 발급되며, 부가 혜택 이용 시 실물 카드를 증빙으로 지참하시기 바랍니다.

   ☞ 일반적인 기아멤버스 포인트 적립/사용은 기아멤버스 홈페이지 또는 기아 App에서 기아멤버스 모바일카드 제시를 통해서도 활용 가능합니다.

  * 기아멤버스는 차량이 아닌 고객 기준으로 관리되고 있으므로, 모바일카드는 1매만 발급됩니다.

    기존에 기아멤버스 카드를 발급한 이력이 있다면 기아 차량 추가 구매 시에도 동일한 카드번호가 유지됩니다.

  * 기아멤버스 실물카드를 분실하셨다면 고객센터(080-200-2000) 또는 기아멤버스 홈페이지를 통해 재발급 신청해주시기 바랍니다. 

   ☞ 기아멤버스 홈페이지 → 로그인 → MY 멤버스 → 나의 카드 조회 → 카드 발급 신청 페이지에서 '재발급 신청하기' 클릭

 

기아멤버스 홈페이지 : https://members.kia.com/kr/view/kindex.do"
기아,기아멤버스,일반,기아멤버스 포인트 소멸 시점은 언제 인가요?,"적립된 기아멤버스 포인트는 5년간 사용할 수 있으며, 5년이 지난 시점에 먼저 지급/적립된 포인트부터 월 단위로 자동 소멸됩니다. (매월 1일 기준)

소멸된 포인트는 복구가 어려우니, 기아멤버스 포인트 제휴처에서 유효기한 내 사용 권장드립니다."
기아,기아멤버스,일반,"기아멤버스 카드를 분실했는데, 재발급 받기 전에 오토큐에서 포인트를 사용할 수 있습니까?","기아멤버스 홈페이지 또는 기아 App에서 기아멤버스 모바일카드 바코드 제시를 통해 포인트 사용이 가능합니다.

 

[기아멤버스 모바일카드 조회 방법]

1) 기아멤버스 홈페이지 : 로그인 → 우상단 바코드 아이콘 클릭 → 기아멤버스 모바일카드 바코드 및 카드번호 표출

2) 기아 App : 로그인 → 우상단 마이페이지 아이콘 클릭 → '기아멤버스' 버튼 클릭 → 기아멤버스 모바일카드 바코드 및 카드번호 표출

 

차량명의자와 휴대폰명의자가 동일한 경우 오토큐 담당자를 통해 휴대폰번호를 활용한 고객 본인인증을 통해서도 포인트 사용 가능합니다.

 

[유의 사항]

  * 포인트 사용 대상은 본인 명의의 기아 차량에 한하며, 보험/외주 수리 금액은 제외

 

기아멤버스 홈페이지 : https://members.kia.com/kr/view/kindex.do"
기아,PBV,일반,PBV의 생산은 어떻게 이루어지나요?,"다양한 PBV 기본 모델과 컨버전 모델을 제공하기 위해 유연한 생산체계가 준비되고 있습니다. AutoLand 화성에 구축 중인 PBV 전용공장 (화성 EVO Plant) 은 컨베이어 생산라인과 셀 유연 생산라인을 결합하여 다품종 생산에 최적화된 체계를 구축하고 있습니다.

이와 함께 공장 인근에 구축 예정인 PBV 컨버전 센터는 여러 파트너들과 유기적 협업을 통해 PBV 컨버전 모델을 효율적으로 개발하고 품질을 확보하고자 하며, 또한 글로벌 컨버전 파트너들과의 협력 관계 또한 지속적으로 강화할 예정입니다."
기아,PBV,일반,PBV는 어떤 고객에 적합한가요?,"PBV는 다양한 모델, 라인업 및 베리에이션을 기반으로 각 고객에 특화된 맞춤형 차량을 제공할 수 있습니다. 통상적으로 패신저 모델의 경우 택시 및 차량 호출 업종에 종사하는 고객에게, 카고 모델은 딜리버리 및 시설관리, 전기 · 가스 공급업 등 유틸리티 고객에게 적합합니다.

비즈니스뿐 아니라 평소 일상에서 가족과 함께 차량을 활용한 다양한 활동을 영위하고 싶은 분들께도, 기존의 불편함을 최소화하고 탑승과 이동의 편의를 추구하는 교통약자에게도 추천드립니다. 


기아가 제공하는 다양한 상품과 서비스를 통해 비즈니스 및 라이프스타일에 가장 적합한 차량을 찾아보시기 바랍니다."
기아,PBV,일반,PBV와 상용차/LCV의 차이는 무엇인가요?,"PBV는 총 소유비용 (TCO: Total Cost of Ownership)이라는 제한적인 가치에 집중해 온 기존 상용차/LCV와 하드웨어 및 소프트웨어 측면에서 차별화됩니다.

먼저 하드웨어 관점에서는 전용 플랫폼을 통해 고객의 목적에 맞게 유연한 공간 구성이 가능한 혁신적인 차량을 전용 EV  라인업으로 공급할 것입니다.


소프트웨어 측면에서는 SDV (Software Defined Vehicle) 기반의 OTA (Over-The-Air) 업데이트를 통해 차량 관제, 차량 내 디스플레이 등 고객 비즈니스에 최적화된 소프트웨어 솔루션을 실시간으로 고객에게 제공할 것입니다. 이를 통해 고객은 여러 차량을 손쉽게 제어하고 업데이트하며, 서로 연결하는 등 마치 스마트폰처럼 자유롭게 차량을 활용할 수 있게 됩니다.


이를 통해 고객은 비즈니스 생산성과 효율성을 최적화함으로써 차량이 단순히 비즈니스의 보조 수단이 아닌 비즈니스 플랫폼으로 활용되는 경험을 얻게 될 것으로 기대합니다."
기아,PBV,일반,출시 예정일은 어떻게 되나요?,"최초 전용 PBV인 중형 Kia PV5가 2025년 하반기, 대형급에 해당하는 Kia PV7은 2027년 출시 예정입니다.

이후 다양한 모델이 순차적으로 개발 및 출시될 계획입니다."
기아,PBV,일반,Kia PBV 플랫폼만의 특성은 무엇인가요?,"PBV 전용 플랫폼은 중량물 적재와 주행거리가 많은 B2B 사업자 특성을 고려하여 고 강성, 고 내구성을 확보하였습니다. 또한 사업자의 화물 적재 및 승하차가 편리하도록 저상형으로 개발된 비즈니스 친화적 신규 플랫폼입니다.

PBV 전용 플랫폼은 E-GMP까지 이어져온 현대차그룹의 안전 헤리티지를 계승하였습니다. 기존 시장에서 통용되던 ICE 플랫폼 기반의 전동화 플랫폼 방식과 달리, 기아 PBV는 전용 플랫폼을 적용함으로써 성능과 공간 활용성이 개선된 고객 경험을 제공할 것입니다."
기아,PBV,일반,충전 인프라는 준비되고 있나요?,"PBV는 100% 전용 전기차 플랫폼을 기반으로 하므로 기존 EV와 동일한 충전 인프라를 사용하실 수 있습니다. 더하여 현재 국내외 급속 충전 관련 투자가 지속적으로 이루어지고 있으며, EV 보급 확대에 발맞춰 충전 인프라도 고도화되고 있으므로 충전 편의성은 계속 증대될 것입니다."
기아,PBV,일반,기아가 생각하는 PBV 시장의 규모와 판매 목표는 어느 정도인가요?,"현재도 지속 성장 중인 LCV 시장은 ’30년 350만 대 수준으로 성장할 것으로 예상되며, 이 중 유럽, 북미, 한국 등 선진시장 중심으로 150만 대 규모의 전동화 수요가 발생할 것으로 추정됩니다. 더 나아가, LCV 대비 PBV만이 제공하는 차별적 가치에 기반한 신규 시장 수요를 기대하고 있습니다."
기아,PBV,일반,컨버전 파트너십에 가입하게 되면 어떤 이점이 있나요?,"컨버전에 효율적인 사양이 최적화 되어있는 도너 모델을 제공받으실 수 있고, 바디빌더 가이드 매뉴얼, 3D CAD Data 등의 기술 지원서비스를 제공받으실 수 있습니다.
또한 법규 인증 관련된 지원 서비스도 제공 드릴 예정입니다. (해당 서비스는 PV5 출시시점 제공 예정입니다.)"
기아,PBV,일반,최근 전기차 시장의 성장속도가 둔화되는 상황에서 기아 PBV의 대응 전략은 무엇인가요?,"최근 EV 성장 속도의 둔화는 배터리 가격, 보조금 정책, 충전 이슈 등 복합적 요인이 작용하고 있습니다. 그러나 선진시장 중심으로 탄소 배출, 도심 진입 제한 등 ESG 관점의 친환경 규제가 지속 강화되는 추세이며, 제반 인프라 확충 노력이 지속되고 있습니다. 제조사에서 경쟁력 있는 EV 신차 개발 및 출시가 지속되고 있어 다소 시기가 지연되더라도, 기아는 ‘EV 대중화 시대’로의 전환은 불가피하다고 생각하고 있습니다. 이에, 기아는 시장 내 전동화 니즈를 보유한 다양한 PBV 가망 고객군을 적극 공략하여 시장 진입 기반을 확보해 나갈 예정입니다."
기아,PBV,일반,컨버전 파트너십에 지원하고 싶어요.,"PBV 컨버전 파트너십은 PV5 출시시점에 런칭 예정으로, '컨버전 파트너십' 페이지를 통해 지원하실 수 있습니다."
기아,PBV,일반,법규 인증에 대한 정보가 없어서 걱정이 됩니다. 도움을 어디서 받을 수 있을까요?,컨버전 파트너십 모델을 위한 법규 인증 지원 서비스가 제공되고 있습니다. 관련 정보는 추후 지원될 Homologation Service 페이지에서 제공받으실 수 있습니다.
기아,PBV,일반,기아가 PBV를 통해 추구하는 미래 모빌리티의 궁극적 지향점은 무엇인가요?,"기아는 고객 목적에 부합하는 다양한 차량과 소프트웨어 솔루션을 고객에게 제공하는 것을 넘어 단순 이동 공간으로 인식되는 차량을 라이프스타일 공간으로 재정의할 것입니다. 

이지스왑 (Easy Swap), 플렉스 어셈블리 (FlexAssembly) 등과 같은 신기술을 활용하여 공간에 대한 유연성을 극대화하고, AI가 적용된 다양한 솔루션으로 초 개인화된 경험을 제공할 예정입니다.


나아가 자율주행을 통해 고객의 비즈니스 패러다임을 전환하고, AAM (Advanced Air Mobility) 과의 연계로 지상-항공을 넘나드는 심리스한 멀티모달 서비스를 실현하고자 합니다.


이처럼 기아 PBV는 Total Mobility Solution을 제공하는 ‘차량 그 이상의 플랫폼 (Platform Beyond Vehicle)’으로 자리매김할 것입니다."
기아,Pleos 계정,일반,Pleos 계정으로 서비스 로그인 시 기아 통합계정이 있어 서비스를 이용할 수 없다고 나옵니다.,"Pleos 계정으로 기아 서비스 이용 시, 통합 계정이 있어 서비스를 이용할 수 없다면서 고객센터로 문의하라고 안내받으셨나요?

이 경우는 고객님이 로그인하신 Pleos 계정의 이메일을 다른 사람이 이미 기아 서비스에서 사용 중인 경우 나타나는 안내 화면입니다.

대부분의 경우, 가족이 기아 계정을 생성할 때 고객님의 메일로 만든 경우로 확인됩니다.

고객님의 메일로 부모님, 배우자, 자녀의 계정을 만들어주신 경우는 없는지 확인해 주세요.

만약 가족이 고객님의 메일 주소로 기아 통합계정을 사용 중인 경우가 없다면, 번거로우시더라도 기아 고객센터로 문의해 주세요.

 

* 기아 고객센터: 080-200-2000"
기아,Pleos 계정,일반,Pleos 계정에 가입을 했는데 로그인 시 아이디/비밀번호가 틀리다고 나오고 아이디 찾기를 해도 가입된 계정이 없다고 나옵니다.,"Pleos 계정으로 가입한 계정이나 아이디 찾기 시 가입된 계정이 없다고 나온다면 혹시 Pleos 계정 로그인 화면이 아닌 기아 통합계정 로그인 화면에서 로그인을 시도하신 것은 아닌지 확인해 주세요.

 

기아 서비스는 2025년 12월 10일부터 신규 계정 가입은 Pleos 계정으로만 가능하며, 해당 일자 이후에 신규 가입한 Pleos 계정 로그인은 Pleos 계정 로그인 화면에서 해주셔야 합니다. 다만 기존 가입자들은 여전히 기아 통합계정을 이용하고 있으므로 두 가지 형태의 로그인 화면이 존재하고 있어 헷갈리실 수 있습니다.

 

로그인 화면에서 [Pleos 계정 로그인] 버튼이 보인다면 기아 통합계정 로그인 화면인 것이므로 [Pleos 계정 로그인] 버튼을 선택 후 Pleos 계정 로그인 화면으로 이동하셔서 다시 로그인을 시도해 주세요."
기아,Pleos 계정,일반,통합계정에 로그인하려는데 Pleos로 전환된 계정이라고 나와요.,"기아 통합계정 로그인 시 'Pleos 계정 사용자'라고 안내 받으셨다면, Pleos 계정으로 전환된 계정입니다.

기아 통합계정에서 Pleos 계정으로 전환한 계정은 Pleos 계정 로그인 화면에서 로그인해 주셔야 합니다. Pleos 계정 로그인 화면으로 이동 후 로그인을 다시 시도해 주세요.

 

* Pleos 계정 로그인

    * 통합계정 로그인 화면 내 [Pleos 계정 로그인] 버튼 선택 > Pleos 계정 로그인 화면"
기아,Pleos 계정,일반,통합계정 아이디 찾기를 했는데 이미 Pleos 계정이 있다고 나와요.,"기아 통합계정 로그인을 위해 아이디 찾기를 했지만 'Pleos 계정 사용자'라고 안내 받으셨다면, Pleos 계정으로 전환된 계정입니다.

기아 통합계정에서 Pleos 계정으로 전환한 계정은 Pleos 계정 로그인 화면에서 로그인해 주셔야 합니다.

 

* Pleos 계정 로그인

    * 통합계정 로그인 화면 내 [Pleos 계정 로그인] 버튼 선택 > Pleos 계정 로그인 화면

* Pleos 계정 이메일 찾기

    * 통합계정 로그인 화면 내 [Pleos 계정 로그인] 버튼 선택 > Pleos 계정 로그인 화면 내 [이메일 찾기] 메뉴 선택"
기아,Pleos 계정,일반,통합계정 비밀번호 찾기를 했는데 이미 Pleos 계정이 있다고 나와요.,"기아 통합계정 로그인을 위해 비밀번호 찾기를 했지만 'Pleos 계정 사용자'라고 안내 받으셨다면, Pleos 계정으로 전환된 계정입니다.

기아 통합계정에서 Pleos 계정으로 전환한 계정은 Pleos 계정 로그인 화면에서 로그인해 주셔야 합니다. 가입된 이메일이 기억나지 않는다면 Pleos 계정 이메일 찾기로 확인하세요.

 

* Pleos 계정 로그인

    * 통합계정 로그인 화면 내 [Pleos 계정 로그인] 버튼 선택 > Pleos 계정 로그인 화면

* Pleos 계정 이메일 찾기

    * 통합계정 로그인 화면 내 [Pleos 계정 로그인] 버튼 선택 > Pleos 계정 로그인 화면 내 [이메일 찾기] 메뉴 선택"
기아,Pleos 계정,일반,Pleos 계정 비밀번호 재설정은 어떻게 하나요?,"Pleos 계정 비밀번호 재설정은 아래 위치에서 확인하실 수 있습니다.

 

* Pleos 계정 비밀번호 재설정

    * 통합계정 로그인 화면 내 [Pleos 계정 로그인] 버튼 선택 > Pleos 계정 로그인 화면 내 [비밀번호 재설정] 메뉴 선택"
기아,Pleos 계정,일반,Pleos 계정 아이디 찾기는 어떻게 하나요?,"Pleos 계정 이메일은 아래 위치에서 확인하실 수 있습니다.

 

* Pleos 계정 찾기

    * 통합계정 로그인 화면 내 [Pleos 계정 로그인] 버튼 선택 > Pleos 계정 로그인 화면 내 [이메일 찾기] 메뉴 선택"
기아,Pleos 계정,일반,휴면계정인데 전환 할 수 있나요?,기아 통합계정이 휴면 상태라면 통합계정 로그인 후 휴면 해제 하시면 휴면 해제한 통합계정으로 기아 서비스를 이용하실 수 있습니다. 만약 새로 가입하신 Pleos 계정으로 기아 서비스 이용을 원하시면 휴면 해제한 기아 통합계정 Pleos 계정으로 전환하여 이용하실 수 있습니다.
기아,Pleos 계정,일반,Pleos 계정 가입 중 기아 통합계정이 있어서 전환하라는 안내가 노출됩니다. 전환하면 기존 계정은 쓸 수 없게 되나요?,"기아 통합계정을 보유한 사용자가 Pleos 계정 가입 후 기아 서비스 이용 시 Pleos 계정 전환 안내 화면으로 연결됩니다.

기아 통합계정을 보유한 경우에는 반드시 전환을 하셔야 기아 서비스 이용이 가능합니다.

전환 시 유의 사항을 꼼꼼히 확인하신 후 진행해 주세요."
기아,Pleos 계정,일반,"Pleos 계정을 생성한 적이 없는데, 전환 과정 중 해외에서 가입한 계정이 있어 전환할 수 없다고 나옵니다. 어떻게 해야하나요?",현대자동차그룹 Global One ID인 Pleos 계정은 국내 외에도 유럽 등 다른 권역의 서비스 이용 시 가입하셨을 수 있습니다. 이 경우 해당 아이디로 이용하시려던 국내 서비스에 1회 로그인하시면 이후부터 정상적으로 이용 또는 전환 절차를 진행하실 수 있습니다. 더 자세한 확인이 필요하시다면 Pleos 계정 고객센터로 연락주세요.
기아,Pleos 계정,일반,Pleos 계정으로 전환을 마쳤는데 또 전환 안내 화면이 노출됩니다. 왜 계속 나오나요?,"현대자동차그룹 Global One ID인 Pleos 계정은 현대, 기아, 제네시스 서비스 이용 시 모두 사용할 수 있는 통합계정입니다. 기존 통합계정을 현대, 기아, 제네시스 모두 보유하고 있을 경우 각 브랜드별로 별도의 전환 과정을 진행하셔야 합니다. Pleos 계정 전환 화면을 반복해서 보셨다면 이전에 다른 브랜드의 전환 과정만 진행하셨기 때문입니다. 안내에 따라 전환하신 후 Pleos 계정을 통해 더 편리한 통합 계정 서비스를 경험하세요."
기아,Pleos 계정,일반,기아 통합계정에 가입한 이메일을 인증 할 수가 없습니다. 그럼 전환 할 수 없나요?,Pleos 계정으로의 전환 과정 중 기존 이메일 인증이 되지 않은 기아 통합계정사용자에게는 이메일 인증 절차가 노출됩니다. 절차에 따라 이메일 인증하시면 계속해서 계정 전환을 진행할 수 있습니다.
기아,Pleos 계정,일반,만 14세 미만 사용자입니다. 만 14세 미만 보호자 동의를 한 것 같은데 왜 계속 뜨나요?,"만 14세 미만 사용자의 계정 생성 및 서비스 가입, 계정 전환 시에 보호자의 동의가 반드시 필요합니다.

 

Pleos 계정 전환 과정 중 보호자 동의를 위한 보호자 본인인증 과정 중 완료하지 않고 이탈한 경우 동의가 완료되지 않은 상태이므로, 다음번 접속 시 동일하게 보호자 인증을 요구합니다. 이 과정을 모두 정확하게 마쳐야 이후부터 노출되지 않습니다."
기아,Pleos 계정,일반,로그인 할 때마다 Pleos 계정으로 전환 안내 화면이 계속 나옵니다. 안 보이게 할 수 없나요?,기아 통합계정 사용자는 모두 Pleos 계정 전환 대상자 입니다. 기아 통합계정은 27년 1월까지만 운영되며 기간 내에 Pleos 계정으로 전환하지 않을 경우 더 이상 계정을 이용하실 수 없습니다. Pleos 계정 전환 안내 화면에서 Pleos 계정으로 전환을 완료하시면 더 이상 전환 안내 화면은 노출되지 않습니다.
기아,Pleos 계정,일반,저는 계정 전환을 한 적이 없는데 전환완료 메일이 왔습니다. 무슨 내용인가요?,"고객님께서 직접 전환한 내역이 아니라면 과거 다른 사용자가 고객님의 이메일을 사용 중일 때 생성된 계정으로 전환을 시도한 것일 수 있습니다. 고객님의 활동인지, 다른 사용자의 활동인지 등이 의심되신다면 Pleos 계정 고객센터로 연락주세요."
기아,Pleos 계정,일반,기아 통합계정을 Pleos 계정으로 전환하려는데 '이미 사용 중인 이메일'이라고 나옵니다. 제가 사용 중인 이메일인데 누가 제 이메일을 사용 중이라는 뜻인가요?,"고객님의 이메일을 가족이나 지인과 공유해 사용하고 있지는 않은지 확인을 먼저 부탁드립니다. 공유한 적이 있다면 가족 또는 지인이 해당 이메일로 Pleos 계정을 이용 중일 수 있습니다. 이런 경우가 아니라면 과거 다른 사용자가 고객님의 이메일을 사용 중일 때 생성된 계정일 수 있습니다.

 

조금 번거로우시더라도 다른 이메일로 변경하시면 계속해서 전환을 계속 진행할 수 있습니다."
기아,Pleos 계정,일반,본인 명의의 휴대전화번호가 없습니다. Pleos 계정 생성이 가능한가요?,"본인 명의의 휴대전화번호가 없어도 본인 명의의 신용카드가 있다면 카드 본인인증을 통해 계정에 가입할 수 있습니다.

 

* Pleos 계정 만들기

    * 방법1. 통합계정 로그인 화면 맨 하단 [Pleos 계정 만들기] 버튼 선택

    * 방법2. 통합계정 로그인 화면 내 [Pleos 계정 로그인] 버튼 선택 > Pleos 계정 로그인 화면 내 [Pleos 계정 만들기] 버튼 선택"
기아,Pleos 계정,일반,Pleos 계정 가입 시 본인인증은 어떻게 하나요?,"Pleos 계정 생성 시 본인인증은 휴대폰 본인인증 또는 신용카드 본인인증으로 계정을 생성할 수 있습니다.

 

* Pleos 계정 만들기

    * 방법1. 통합계정 로그인 화면 맨 하단 [Pleos 계정 만들기] 버튼 선택

    * 방법2. 통합계정 로그인 화면 내 [Pleos 계정 로그인] 버튼 선택 > Pleos 계정 로그인 화면 내 [Pleos 계정 만들기] 버튼 선택"
기아,Pleos 계정,일반,앱 로그인 화면에 회원가입 메뉴가 보이지 않아요.,"회원가입 버튼이 보이지 않으실 경우 기아 홈페이지에서 회원가입을 진행해주세요. 

기아 홈페이지 > 우측 상단 로그인 메뉴 선택 > 계정 만들기 버튼 선택 혹은,

링크를 통해 회원가입 후 앱을 이용해주세요."
기아,Pleos 계정,일반,기아 통합계정 신규 가입은 할 수 없나요?,"Pleos 계정 오픈 후 신규 계정 생성은 Pleos 계정으로만 가능하며, 기존 기아 통합계정은 할 수 없습니다.

다만, 기존에 이용중인 기아 통합계정은 동일하게 이용하실 수 있습니다.

 

* Pleos 계정 로그인

    * 통합 계정 로그인 화면 내 [Pleos 계정 로그인] 버튼 선택 > Pleos 계정 로그인 화면으로 이동 후 로그인 가능

* Pleos 계정 만들기

    * 통합 계정 로그인 화면 내 [Pleos 계정 로그인] 버튼 선택 > Pleos 계정 로그인 화면 내 [Pleos 계정 만들기] 버튼 선택"
기아,Pleos 계정,일반,Pleos 계정 가입은 어떻게 하나요?,"Pleos 계정은 Pleos 계정 만들기 화면을 통해 가입할 수 있습니다.

 

* Pleos 계정 만들기

    * 방법1. 통합계정 로그인 화면 맨 하단 [Pleos 계정 만들기] 버튼 선택

    * 방법2. 통합계정 로그인 화면 내 [Pleos 계정 로그인] 버튼 선택 > Pleos 계정 로그인 화면 내 [Pleos 계정 만들기] 버튼 선택"
기아,Pleos 계정,일반,기아 서비스 이용을 위해 Pleos 계정으로 로그인했는데 개인정보 제공 동의가 나타납니다.,"Pleos 계정은 현대자동차그룹의 글로벌 원 아이디로 현대자동차그룹이 제공하는 디지털 서비스를 하나의 계정으로 이용하실 수 있는 통합 계정 서비스입니다.

 

따라서, 기아 서비스 이용을 위해서는 기아로의 개인정보 제공에 동의해 주셔야 서비스 이용이 가능합니다."
기아,Pleos 계정,일반,기아 통합계정과 같은 이메일 주소로만 전환할 수 있나요? 다른 이메일로 Pleos 계정 가입하려니 통합계정으로 로그인하라고 안내 메세지가 노출됩니다.,"Pleos 계정으로 기아 서비스 이용 시 기존 기아 통합계정이 이미 있는 경우 기아 통합계정을 Pleos 계정으로 전환하셔야 이용이 가능합니다.

 

이미 보유하신 기아 통합 계정과 이메일 주소가 달라도 사용자 본인의 계정이라면 전환할 수 있습니다.

 

전환 시 유의 사항을 꼼꼼히 확인하신 후 전환해 주세요."
기아,Pleos 계정,일반,계정 전환은 어떻게 하나요?,"Pleos 계정 가입 후 기아 서비스 이용 시 기아 통합계정을 보유한 경우에는 통합 계정 전환 안내 화면으로 연결됩니다.

 

전환 시 유의 사항을 꼼꼼히 확인하신 후 전환해 주세요."
기아,Pleos 계정,일반,Pleos 계정이 무엇인가요?,"Pleos 계정은 현대자동차그룹의 글로벌 원 아이디로 현대자동차그룹이 제공하는 디지털 서비스를 하나의 계정으로 이용하실 수 있는 통합 계정 서비스입니다.

기존 기아 통합계정을 보유하셨다면, 브랜드 별로 별도로 관리하던 계정을 Pleos 계정 하나로 통합해 사용할 수 있습니다. 특정 브랜드 또는 국가에 국한된 계정이 아니기 때문에 브랜드를 오가면서, 국가간 이동이 있더라도 고객은 Pleos 계정으로 연속성 있게 사용할 수 있습니다.

Pleos 계정 알아보기"
기아,Pleos 계정,일반,Pleos 계정 아이디를 변경할 수 있나요?,Pleos 계정은 이메일 아이디를 사용합니다. 이용 중 사정에 의해 다른 이메일 아이디로 변경이 필요하시다면 Pleos 계정 고객센터로 문의주세요. 이 때 반든시 이메일 인증하실 수 있는 정상 이메일로만 변경이 가능합니다.
기아,Pleos 계정,일반,사용중인 이메일 계정이 없어요. 회원가입을 할 수 있나요?,Pleos 계정을 생성하려면 본인 인증이 가능한 이메일 계정이 필요합니다. 회원 가입을 진행하기 전에 이메일 계정을 먼저 생성해 주세요.
기아,Pleos 계정,일반,회원가입 시 입력한 개인정보의 보유기간은 얼마나 되나요?,회원 탈퇴 시까지 유지됩니다.
기아,Pleos 계정,일반,회원가입을 위한 인증 이메일이 도착하지 않았어요.,"* 입력하신 이메일 주소를 다시 확인해 주세요.

* 스팸/정크 메일함과 차단 메일 리스트를 확인해 주세요.

* 인터넷 환경에 따라 발송이 늦어질 수 있으니 약 5분 후에 메일함을 확인해 주세요.

* [인증받기] 버튼을 누른 후 10분까지만 유효합니다. 이후에는 인증을 처음부터 다시 진행해 주세요."
기아,Pleos 계정,일반,회원 가입을 할 때 인증 문자가 오지 않으면 어떻게 해야 하나요?,"입력하신 휴대전화 번호가 올바른지 다시 한 번 확인해 주세요. 이동통신사의 스팸 필터링 설정에 따라 기아 고객센터(080-200-2000)에서 발송한 인증 문자가 스팸으로 분류되어 수신되지 않을 수 있습니다. 이 경우, 이용 중인 이동통신사 고객센터를 통해 해당 번호가 스팸으로 차단되었는지 확인해 주시기 바랍니다."
기아,Pleos 계정,일반,앱을 사용할 때 본인 명의의 휴대폰을 사용해야 하나요?,"회원 가입 시에는 고객님 소유의 휴대폰으로 본인인증을 필수로 진행하고 있습니다. 단, 앱 서비스 이용은 차량의 계약자가 아니더라도 실제 차량을 이용하는 회원을 주 사용자로 설정할 수 있습니다."
기아,Pleos 계정,일반,"기아 앱/웹 서비스에서 계정 탈퇴를 신청하는데 현대, 제네시스 가입 서비스 내역은 왜 나오나요?","Pleos 계정 탈퇴 시 현대자동차그룹의 타 브랜드 서비스 가입 내역을 확인하셨군요.

Pleos 계정은 현대자동차그룹의 글로벌 원 아이디 서비스입니다.

하나의 계정으로 현대, 기아, 제네시스 디지털 서비스를 모두 이용할 수 있으므로 계정 탈퇴 시 특정 브랜드에 국한되지 않은 현재 이용 중인 서비스를 모두 확인할 수 있도록 제공하고 있습니다.

가입 중인 모든 서비스를 한 눈에 확인하시고 Pleos 계정 탈퇴 여부를 신중하게 선택해주세요."
기아,Pleos 계정,일반,Pleos 계정 탈퇴는 어떻게 하나요?,"Pleos 계정 탈퇴는 로그인 후 프로필 페이지 하단의 [계정 탈퇴] 버튼을 선택하여 진행하실 수 있습니다.

단, 유료 정기구독 상품 등 탈퇴 불가한 상태인 경우 탈퇴 신청이 불가할 수 있습니다.

그런 경우 해당 서비스로 이동해 유료 결제 건 등을 해지하신 뒤 탈퇴 신청을 다시 진행해 주세요.

 

계정 탈퇴 신청 시 계정의 정보는 탈퇴 즉시 완전히 삭제되어 복구가 불가능하고, 48시간 이내에 동일 정보로 가입이 불가능하니 신중하게 결정해 주세요."
기아,Kia App,일반,"기존 App은 사용이 불가한가요? (MyKia, Kia Connect, Kia Digital Key, Kia Owner's Manual)","새롭게 통합된 ""Kia App""에서 다양한 기능을 한 번에 이용하실 수 있습니다.
기존 App은 사전 안내 후 종료 예정으로 통합된 Kia App 설치하여 이용하시면 기존 계정 정보 그대로 편리하게 이용하실 수 있습니다."
기아,Kia App,일반,기존 App 사용자도 회원 가입을 별도로 해야 하나요?,"아닙니다. 기존 App을 사용하시던 고객님께서는 기아 통합 계정으로 로그인하시면 이용 중이신 차량이 자동으로 등록됩니다.
자동 등록까지는 다소 시간이 소요될 수 있으니 참고 부탁드립니다.

※ 커넥트 앱을 통해 공유받아 이용 중인 차량도 모두 자동으로 등록됩니다."
기아,Kia App,일반,기아 통합 계정 정보를 분실했어요.,"통합 계정 정보를 분실한 경우 Kia App 로그인 화면에서 아이디/비밀번호 찾기가 가능합니다.
▶ Kia App 앱 실행 > 홈 > 오른쪽 상단 ""마이페이지"" 접속 > '로그인해 주세요' 선택
① 비밀번호 입력 칸 하단 [아이디] 클릭
② 본인인증 / 모바일 인증 中 택 1 후 인증 완료
③ 기아 통합 계정 확인 가능"
기아,Kia App,일반,Kia App 접속 시 디지털 키 1.0 앱이 있다고 실행이 안 돼요.,"Kia App은 기아 커넥트, 마이기아, 디지털 키 앱을 통합한 앱으로 기존 디지털 키 앱을 이용하고 있을 경우 사용할 수 없습니다.
Kia App을 이용하실 경우 기존 디지털 키 앱을 삭제하시고 이용 가능합니다.
단, 기존에 발급된 키와 공유한 디지털 키 1.0은 모두 삭제되기 때문에 Kia App 접속 후 재발급하여 이용하시기를 바랍니다."
기아,홈페이지,일반,회원 가입을 해야만 기아닷컴을 이용 할 수 있나요?,"회원가입을 하지 않으셔도 다양한 서비스를 이용하실 수 있습니다만, 회원가입을 하시면 좀더 다양한 서비스를 이용하실 수 있습니다.

 

별도 회원가입 및 로그인을 하지 않으셔도 기아닷컴 내 서비스를 이용하실 수 있습니다만,

회원가입을 하시면 견적 저장, 구매상담신청, 시승신청, 마이페이지 등 일부 주요 서비스를 이용하실 수 있습니다."
기아,기타,일반,"기아 커넥트 스토어는 무엇이며, 어떻게 이용하나요?","차량 구매 순간의 선택이 카 라이프의 전부를 결정한 것은 아닙니다.

이제 차량 구매 후에도 기아 커넥트 스토어(connectstore.kia.com)가 제공하는

새로운 기능들을 언제 어디서든지 추가로 구매해 평생, 또는 원하는 기간 동안 이용하실 수 있습니다.


기아 커넥트 스토어 이용관련 자세한 내용은

기아 커넥트 스토어 이용안내 페이지(https://connectstore.kia.com/kr/info/buying-Installation-guide)에서 확인 가능하며,

이용절차는 아래와 같습니다.

 

기아 커넥트 스토어 또는 QR접속"
기아,기타,일반,완속 충전 케이블은 언제 사용하나요?,"전기차 충전기 설치·운영이 어려운 경우, 비상용 완속 충전 케이블(220V)를 사용하여 충전 할 수 있습니다. 공식 온라인몰(Kia Shop)을 통해 기아 순정 액세서리 브랜드 제품을 구매할 수 있으며, 이용시 주의사항은 아래와 같습니다.

 

※ 허가되지 않은 전기를 무단으로 비용 지불 없이 사용하는 행위는 법적인 제재를 받을 수 있습니다.

※ 리드선, 멀티탭, 연장 코드 등 유사한 부품을 케이블과 연결하여 사용하지 마십시오.

※ 제품 사용 전 주의사항 등을 충분히 숙지하고 제품을 사용해주십시오.

※ 자세한 사항은 제품 구매 상세 페이지를 참고 부탁드립니다."
기아,기타,일반,어떤 차종에 적용되어 있나요?,"Kia AddGear는 PV5 패신저 및 카고, EV5, 셀토스 차종에 적용되어 있습니다.

*향후 적용 차종 확대 예정

PV5 카고 모델은 크래시패드에, PV5 패신저 모델은 크래시패드/센터콘솔/러기지 사이드 트림/3열 헤드라이닝에 적용되어 있습니다. EV5와 셀토스는 러기지 사이드 트림에 Kia AddGear가 적용되어 있습니다."
기아,기타,일반,액세서리는 어디서 구매할 수 있나요?,"Kia AddGear 액세서리는 상단 '제품구매' 탭에서 Kia Shop 링크로 접속하여 구매하실 수 있습니다.
Kia Shop > By Kia > Kia Genuine Accessories, Kia Collection 메뉴에서 확인 가능합니다."
기아,기타,일반,차량 구매 시 기본 지급되는 품목이 있나요?,"PV5 패신저 모델의 플러스 트림에 한하여 AddGear 컵홀더가 제공되고, EV5와 셀토스는 기아 멀티 후크가 4개씩 제공됩니다."
기아,기타,일반,결제방식은 어떻게 되나요?,"전기차 충전요금은 충전사업자에 따라 다양한 방식으로 결제할 수 있습니다.

 

 - 실물 충전카드(RFID) 태그 후 결제

 - 모바일 앱을 통한 NFC/QR 결제

 - 신용카드·체크카드 현장 결제

 - 간편결제(카카오페이, 네이버페이 등) 연동 결제

 

충전 시작 전 충전기 또는 앱에서 결제수단을 선택할 수 있으며, 충전요금은 사용한 전력량(kWh)에 따라 부과됩니다. 다만 이용하는 충전사업자와 충전기에 따라 지원되는 결제방식이 다를 수 있으므로, 사전에 확인하는 것을 권장합니다."
기아,기타,일반,사용시 유의사항이 있나요?,"· 주행 중 Kia AddGear 액세서리를 사용할 경우 운전자의 주의가 산만해져 사고의 위험이 있습니다.

· OEM에서 제공하는 정품 액세서리가 아닌 경우, 반드시 재질과 도면을 확인해야 합니다.

· 치수에 맞지 않거나 재질의 강도가 약하면, 물건이 이탈하거나 파손되어 예기치 못한 상해가 발생할 수 있습니다.

· 액세서리 설치 시 차량 트림의 허용 하중을 확인하고 장착하시기 바랍니다.

· 커버에 표시된 최대 하중은 참고용이며, 설치 부위 및 설치 환경, 설치 방법에 따라 차이가 있을 수 있습니다.

· Kia AddGear 액세서리 설치 시 날카롭거나 깨지기 쉬운 물건은 부착하지 마시기 바랍니다.

· Kia AddGear가 적용된 차량 트림에 별도의 데코/몰딩 액세서리를 부착할 경우, Kia AddGear 액세서리의 장착이 불가능할 수 있습니다."
기아,기타,일반,급속충전기는 어떠한 사용제약이 있나요?,"전기차 충전 방식은 전기를 어떻게 공급하느냐에 따라 완속 충전 (AC)과 급속 충전 (DC)으로 나뉘며, 충전 속도와 작동 방식에 차이가 있습니다.

완속 충전은 교류 (AC) 전기를 차량 내부의 온보드 차저 (OBC)가 직류 (DC)로 변환해 배터리를 충전합니다. EV3 기준 완속 충전 시 충전기 출력과 배터리 상태에 따라 약 5~8시간 정도 소요될 수 있습니다.

급속 충전은 (DC) 전기를 차량 배터리에 직접 공급하여 짧은 시간 내 많은 전력을 충전하는 방식으로, 30분 내외로 배터리의 상당 부분을 충전할 수 있습니다. 다만 배터리 보호를 위해 80% 전후부터 충전 속도가 크게 느려질 수 있어, 다른 차량이 대기할 경우 적당량을 충전하고 양보하는 것이 에티켓입니다."
현대,차량구매,일반,폐차 의뢰 및 신청은 어떻게 하나요?,서비스/멤버십 > 내차 항목의 '친환경 폐차 신청'으로 들어가셔서 신청하시는 것이 가장 신속하고 정확합니다. 인터넷 신청이 불편하시면 유선전화 (1544-2738)로 문의하셔서 폐차 신청을 할 수 있습니다.
현대,차량구매,일반,차량구입시 신용카드는 얼마까지 이용할 수 있나요?,"▶ 자동차 구입시 신용카드를 이용한 결제는 고객님 신용카드 한도내에서 희망하시는 금액
     까지 자유로이 결제가 가능합니다."
현대,차량구매,일반,차량구입시 신용카드는 복수의 카드로 결제가 가능한가요?,"▶ 예, 가능합니다. 신용카드 갯수에 제한없이 결제가 가능합니다."
현대,차량구매,일반,차량에 부과되는 세금은 어떤 종류가 있나요?,"▶ 현행 자동차관련 세금항목은 다음과 같습니다.

① 구입단계 : 개별소비세(8인승 이하 승용차限), 교육세(개소세의 30%), 부가가치세
② 등록단계 : 등록세,취득세
③ 소유단계 : 자동차세(연단위 부여)
④ 유류관련 : 교통세, 주행세, 교육세, 부가가치세
⑤ 기타 : 공채매입, 환경개선비용부담금(해당자동차限)"
현대,차량구매,일반,신차 구매 시 타던 차량을 반납하면 신차 할인 받을 수 있나요?,"현대 인증중고차의 내차팔기 서비스와 연계하여 신차 할인과 중고차 추가 보상 혜택을 받을 수 있습니다.

자세한 사항은 [이벤트> 진행중 이벤트]를 통해 확인해 주세요."
현대,차량구매,일반,차량구입시 의무보험료란 금액을 납부하였습니다. 이것은 어떤 종류의 보험인가요?,"의무보험은 차량이 출고센터를 동해 출고되어 임시운행기간동안에만 유효한 보험입니다.

이는 임시운행 기간중 발생되는 교통사고 피해자의 피해배상 보장을 위한 자동차 손해배상
보장법 개정으로 임시운행허가 차량의 의무보험 가입이 법제화 되었습니다.

보상책임기간은 출고일부터 임시운행허가 기간인 10일(기간 만료일 24시까지)동안이고
보험료는 차종별 정액보험료가 적용됩니다. (대부분의 경우 1만원 이내)

따라서 차량을 구입하신 고객께서는 임시운행허가기간 종료 이전에 1년만기 책임보험,
혹은 종합보험에 반드시 가입하셔야 합니다.

의무보험은 1회 소멸성 보험으로 임시운행증을 반납하거나 다른 책임보험에
가입하시는 경우 자동으로 해지가 됩니다."
현대,차량구매,일반,현대자동차 차량을 구입하려면 어떻게 해야하나요?,"현대자동차에서는 전국 정식 지점/대리점을 통해서만 차량을 판매하고 있습니다.
그 이외의 유통경로(인터넷 등)로는 차량 공급이 되지 않사오니 차량 구입시 주의해주시기
바라며 전국 어느곳에서나 같은 제품,같은 가격으로 바른거래를 실천하고 있습니다.

참고로, 현대자동차 홈페이지 구매상담 신청을 이용시
고객님께서 원하시는 지점,대리점을 선택하여 상담신청을 하시면 현대자동차의 전문영업사원이
신속하고 친절하게 차량구매에 관한 모든 궁금증을 해결해 드리겠습니다."
현대,차량구매,일반,차량대금을 신용카드로 결제할 경우 소득공제가 가능한가요?,"불가능합니다.

조세특례제한법 제126조 3항 3호에 의거하여 신규로 출고되는 자동차 구입시 사용한 신용카드 금액은 소득공제 대상에서 제외됩니다.(2002년 12월1일 승인분부터 적용)"
현대,차량구매,일반,자동차 리스로 차를 구매하고 싶어요,자동차 리스는 고객의 다양한 Needs에 맞는 맞춤형 상품 구입이 가능합니다 자동차 리스도 할부나 현금구매와 동일하게 현대자동차 영업사원에게 문의하시면 됩니다.
현대,차량구매,일반,현대자동차에서 중고차를 구매할 수 있나요?,"현대 인증중고차 (certified.hyundai.com) 의 내차사기 서비스를 통해 구매할 수 있습니다.
자세한 사항은 현대 인증중고차 사이트에서 확인해 주세요.
현대 인증중고차 사이트 바로가기▶"
현대,차량구매,일반,자동차 리스에 대해 알고 싶어요,"자동차 리스란, 캐피탈사가 고객이 원하는 자동차를 대신 구매하여 고객에게
차량을 임대하여 제공하여 주고 고객은 캐피탈사에 매월 이용료를 납부하는 방식의
자동차 금융 상품입니다.

고객의 다양한 Needs에 맞는 맞춤형 상품 구성이 가능하며,
자동차 리스도 할부나 현금 구매와 동일하게 현대자동차 영업사원에게 문의하시면
됩니다."
현대,차량구매,일반,포인트의 유효기간은 어떻게 되나요?,"지급된 블루멤버스 포인트는 60개월(5년) 간 사용 가능합니다. 유효기간 경과 시, 포인트는 월 단위로 익월 1일 소멸됩니다."
현대,차량구매,일반,세이브오토를 취소하려고 하는데 취소 방법은 어떻게 되나요?,"세이브오토 프로그램을 신청하셨던 지점/대리점에 철회/해지신청서가 있습니다.
신청서를 작성하신 후 해당 지점/대리점에 철회/해지 요청을 하시면 됩니다."
현대,차량구매,일반,장애인 조건으로 차량구입시 혜택을 알고 싶습니다.,"▶장애인 조건으로 차량 구입시 혜택은 크게 3가지 입니다.

① 차량 개소세 면세

② 지방세(취득세, 등록세, 자동차세)면세(서울시 기준)

③ 공채매입 면세




장애 대상별 면세 내용은 구매 가이드 > 제도 및 규정 > 세금 > 장애인 면세 메뉴에서 확인 가능합니다.

자세히보기 >




※지방세 면세내용은 각 지방자치단체 조례에 따라 상이하므로 반드시 해당 지방자치단체로

문의 및 구입전 확인을 요합니다."
현대,차량구매,일반,고엽제 후유증 환자의 면세조건에 대해 알고 싶어요,"고엽제후유증환자 지원에 관한 법률에 적용되는 장애우(友) 고객께서는 2004년 1월 1일
이후 출고되는 차량구입시 개소세 면제를 받으실 수 있습니다.

고엽제후유증 환자 고객의 LPG차량구입 및 개소세 면제는 경도장애 이상의 경우에 가능하며,
국가보훈처에서 발행한 고엽제법 적용 대상 확인원 상에 장애등급이 표기되어 있으면
가능합니다."
현대,차량구매,일반,광주민주화운동 부상자 면세조건에 대해 알고 싶습니다.,"▶ ""광주민주화 유공자 예우에 대한 법률""에 적용되는 장애우(友) 고객께서는 2004년 1월 1일
      이후 출고되는 차량구입시 개소세 면제를 받으실 수 있습니다.

     광주민주화운동 부상자 LPG차량구입 및 개소세 면제는 장애 1~14급의 경우에 가능하며,
     국가보훈처에서 발행한 ""광주민주유공자증"" 상에 장애등급이 표기되어 있으면 가능합니다."
현대,차량구매,일반,장애인 가족이 사망했을 경우 장애인용 LPG 차량은 어떻게 해야하나요?,"LPG 승용자동차를 사용하는 장애인 및 국가상이유공자가 사망할 경우,
유가족이 당해차량을 계속 사용이 가능하도록 기존의 사용제한규정(당사자 사망일로부터 1년)이
폐지되었습니다.

개정법령은 산업자원부령으로 확정, 2003.8.11일부로 공포/시행되었으며,

적용대상은 2002.9.30일 이후 LPG 승용자동차를 소유하던 장애인 및 국가상이유공자가
사망한 경우로 그 사망당시 당해 차량을 소유한 보호자 또는 상속받은자가 동 차량을
계속 운행하는 경우에만 해당됩니다."
현대,차량구매,일반,장애인차량 구입조건에 대해 알고 싶습니다.,"장애인 조건의 차량구입은 장애인 단독명의, 장애인과 주민등록표상 세대를 함께하는 배우자,
직계존비속,형제자매 또는 직계비속의 배우자 공동명의로 구입이 가능합니다.

단, 몇가지 조건이 붙는데 장애인 공동명의 조건으로 구입하신 차량은 차량출고후 5년간
동일조건(주민등록법상 동일세대)를 유지해야 하고 이 조건이 충족되지 않을때 면세받은 금액을
납부하셔야 합니다.
또한 재구입연한이 만 5년으로 되어있어 기간내에 동일차량을 계속 보유하셔야 되며, 이또한
조건 불충족시 면세받으신 세금을 납부하시게 됩니다."
현대,차량구매,일반,현재 장애인조건의 차량을 보유하고 있습니다. 장애인조건 차량의 추가구입이 가능하나요?,"▶ 불가합니다.
     장애인조건의 차량구입은 장애인 1인당 1대에 한하여 가능하고 신차 구입후 만 5년후 이후
     다시 신차구입이 가능합니다."
현대,차량구매,일반,차량구입에 관련된 금액은 어떠한 결제방식이 있나요?,"▶ 차량구입에 관련된 금액의 결제는 현금, 신용카드 및 할부이용 등의 방법이 있습니다.
그 이외 현재 보유차량 매각대금 대체 및 직불카드 등의 이용은 불가합니다."
현대,차량구매,일반,차량 대금을 신용카드로 결제하려고 합니다. 계약자 이외의 다른 사람의 카드로 결제가 가능한가요?,"▶ 자동차 구입대금 결제시 본인 이외의 제3자 신용카드를 이용한 결제는 불가능 합니다.

2001년 6월 재정경제부와 관련부처의 법률해석 결과, 당사자간의 동의여부를 불문하고
구매자 이외의 신용카드를 이용한 거래는 여신전문금융법 제19조에서 <위장매출전표
작성행위>에 해당됩니다.

따라서 계약자 본인 이외의 제3자 신용카드는 사용하실 수 없습니다."
현대,차량구매,일반,할부금을 카드로 결제할 수 있나요?,"▶ 불가능합니다.
할부금은 금전채무로 분리되어 있으며, 여신전문금융업법상 금전채권은 카드로
결제할 수 없게 되어있습니다."
현대,차량구매,일반,차량 구입시 견적에 포함되는 공채매입과 할인의 차이는 무엇인가요?,"차량을 구입하시는 모든 분께서는 반드시 관할지역(광역시 또는 지방)에서 발행하는
공채를 의무적으로 구입하시도록 되어있습니다.(도시철도법 시행령 등)

이는 지하철이 있는 광역시에서는 지하철 건설에 쓰이는 재원으로 쓰이고 기타 도시에서는
도로확충 및 유지보수에 사용되는 재원으로, 각 지방자치단체에서 7년 거치후 원리금을
일시에 상환해 드리고 있습니다. 이것이 공채매입 입니다.

다만, 7년간의 보유기간 중 분실 등의 위험이 있으므로 원하시는 고객께서는 채권할인
전문업체나 증권사에서 7년 동안 예상되는 자치단체의 이자수익을 제외한 금액을
채권구입과 동시에 돌려드립니다. 이것을 할인매도라고 합니다.

공채할인율은 차량등록일을 기준으로 매일매일 약간씩 변동되오니
차량등록전 공채할인율을 확인하시기 바랍니다."
현대,차량구매,일반,근저당 설정이 되어 있습니다. 어떻게 해야하나요?,"할부금 완납을 하셨다면 해당 관청에서 근저당 말소 신청을 하셔야 합니다.

차량에 근저당 설정이 되어 있는 경우 할부금 완납을 하셨어도 자동 해지가 되지 않으므로
해당 관청에서 등록원부 갑,을부 서류를 발급받은 후 설정권자가 현대자동차인지 확인하여
설정권자가 현대자동차인 경우는 등록원부 갑,을부를 지참하여 가까운 지점 방문후
근저당 말소 신청서를 수령 받은 후에 관청에 말소신청 해주시면 됩니다.

※설정권자가 현대캐피탈인 경우 1588-2114로 문의해 주시기 바랍니다."
현대,차량구매,일반,세금계산서 발급받으려고 하는데 어떻게 해야하나요?,"▶ 개인사업자 및 법인사업자 구입고객
2010년 7월 1일부터 세금계산서가 서면이 아닌 전자 세금계산서로 발행이 됩니다.
사이트: http://e-vat.hyundai.com 에서 발급받으시면 됩니다.

▶ 개인 구입고객
2011년 4월11일부터 차량구입하신 지점(대리점)에서 영수증이 발행됩니다.

※재발행은 차량구입하신 지점(대리점)으로 문의해 주시기 바랍니다."
현대,차량구매,일반,차량계약 후 예상납기일에 대해 알 수 있나요?,계약하신 지점(대리점)에서 확인 가능합니다.
현대,차량구매,일반,차량계약 후 해지 시 계약금은 환불 받을수 있습니까?,"차량 출고전 해지요청시에는 계약금 환불이 가능하며,
자세한 사항은 계약하신 지점(대리점)에 문의 바랍니다."
현대,차량구매,일반,차량구입시 장착되는 타이어는 선택이 가능한가요?,당사에서 생산되는 차량은 타이어 제조사別 임의 선택은 불가합니다.
현대,차량정비,일반,(상용) 주행 중 갑자기 엔진 출력이 떨어지면서 노킹 현상이 나타납니다. 왜 그런가요?,"엔진 출력이 급격히 떨어지고 노킹 현상 Knocking, 엔진의 연료실 벽을 작은 망치로 두드리는 듯한 소리가 나는 현상이 지속적으로 발생하면 엔진의 오버히트를 의심해 봐야 합니다.
오버히트는 냉각수가 부족하거나 샐 경우, 워터펌프 구동벨트가 끊어진 경우, 냉각팬이 돌지 않을 경우 등 여러 가지 원인으로 인해 엔진이 과열돼 증기가 끓어오르는 현상입니다.
이때는 계기판에 있는 냉각수 온도 게이지가 적색 눈금 H을 가리키게 됩니다.
겨울철에는 냉각수에 부동액이 들어있지 않거나 엔진 내부가 동결되어 냉각수가 순환하지 못할 때에도 동일한 현상이 발생합니다.
주행 중 엔진이 과열돼 오버히트 현상이 발생했을 때는 당황하지 말고 비상경고등을 켠 채 가능한 빨리 도로 옆 안전한 곳에 차를 세웁니다.
이때 시동을 바로 끄면 엔진이 고착되기 때문에 변속 레버를 중립에 놓고 약 2 ~ 3분간 시동을 그대로 켜놓은 상태에서 엔진 실내에 통풍이 잘 되도록 후드를 열어 놓고, 냉각수 온도 게이지가 정상 C에 가까워질 때까지 엔진을 냉각시킵니다.
후드를 열 때는 뜨거운 수증기나 물이 뿜어져 나오거나 후드 자체가 뜨거울 수 있으므로 주의해야 합니다.
공회전 상태에서도 냉각수 온도 게이지가 떨어지지 않으면 시동을 끄고 자연적으로 엔진을 냉각시킵니다.
만약 냉각수가 차 밑으로 흘러넘치거나 수증기가 후드 위로 새 나올 경우에는 엔진을 정지시키고 차량을 견인해 정비공장에 입고 후 누수 부위를 점검하고 정비를 받아야 합니다."
현대,차량정비,일반,(상용) 주행 중 갑자기 시동이 꺼지는 현상이 발생합니다. 어디에 문제가 있는 것일까요?,"주행 중 시동이 꺼져 당황하신 적이 있을 것입니다.
시동 꺼짐 현상은 보통 연료계통과 점화계통, 엔진 전자제어계통 등에 이상이 있을 경우 발생합니다.
전자제어 가솔린 엔진의 경우 연료 펌프와 연료 필터 막힘, 인젝터·점화 코일·컴퓨터 ECU 고장, 엔진 관련 센서 이상, 엔진 관련 휴즈 단선, 엔진 배선 합선 등이 원인이 될 수 있습니다.
LPG를 사용하는 엔진의 경우에는 연료계통 부품 종류가 다를 뿐 가솔린 엔진과 큰 차이는 없으나 베이퍼라이져, 믹서 등의 고장으로 인해서도 시동 꺼짐 현상이 발생할 수 있습니다.
디젤 연료를 사용하는 엔진은 기계식과 전자제어식 커먼레일 엔진으로 구분할 수 있는데, 기계식인 경우는 연료 필터 막힘, 연료계통 공기 유입, 인젝션 펌프 고장으로 인해 시동 꺼짐이 발생할 수 있고, 전자제어식인 경우 엔진 관련 센서, 연료 필터 막힘, 연료에 이물질 유입, 커먼레일시스템고압 펌프·레일 압력 센서·인젝터 등, 엔진 관련 휴즈 단선, 배선합선, ECU 고장 등으로 인해서도시동 꺼짐이 발생할 수 있습니다.
시동 꺼짐 현상은 운전자의 안전과 직결되는 것이므로 고장 발생 시 정비업체를 필히 방문하여 점검 및 정비를 받아야 합니다.
또한 정기적으로 차량 점검을 받아 이상이 없는지 체크를 해주는 것도 시동 꺼짐 현상을 예방할 수 있는 방법입니다."
현대,차량정비,일반,(상용) 유로6차량 DPF의 자동재생은 언제 작동하나요?,"수트게이지가 5칸에 도달 후, 잠시 후 자동재생 실시됩니다.
F/G : 엔진 게이지가 1~5칸에 있더라도 주행거리[버스 400km or트럭 700km]에 도달할 경우에도 재생됩니다"
현대,차량정비,일반,(상용) 자동재생 도중 신호대기 및 차량 주/정차 시 재생은 어떻게 되나요?,"주/정차 및 신호대기 시 IDLE UP되며 재생은 하지 않고, 일정시간 이상 유지 시 재생을 탈출하며, 재주행시 재생 돌입조건에 해당되면 자동재생 됩니다."
현대,차량정비,일반,(상용) 자동재생 중 아이들 RPM은 왜 높은가요?,"DPF 이상고온에 따른 파손 방지 목적으로 재생 중 아이들 RPM은 상향조정됩니다.
F엔진 900, G엔진 1000, H/L엔진 800"
현대,차량정비,일반,(상용) 자동재생 도중 차량을 멈추고 시동을 꺼도 되나요?,"차량을 멈추고, 시동을 꺼도 됩니다.
단, 녹색 재생 등이 소거된 후 (약 2분간 소요), 시동 끄시기를 권장합니다. (DPF 이상고온에 따른 파손 방지)"
현대,차량정비,일반,(상용) 자동재생 돌입 가능 조건은 어떻게 되나요?,"엔진이 충분히 웜업 되고,차속이 10km/h↑에서 자동재생 됩니다.
F/G : 냉각수 65℃↑, H/LDOC 후단센서 200℃↑, 냉각수60℃↑"
현대,차량정비,일반,(상용) 수동재생은 언제 하나요?,"① 검댕이게이지가 6~8칸에서 황색 수동재생 경고등 점등 시, 진행하시면 됩니다.
9칸 이상에서는 서비스센터 조치 필요
② 고객이 수동재생을 원할 경우 1~8칸까지 검댕이게이지와 무관하게 돌입 가능합니다."
현대,차량정비,일반,"(상용) 수동재생 시, 주의해야 할 사항은 무엇인가요?","수동재생 시, 배기정화장치 주변 부가 매우 고온이므로 화재 및 안전사고가 발생할 수 있으므로 인화성 물질이 없는 개방된 공간에서 수동재생을 권장합니다. (배기가스 신체노출 삼가)"
현대,차량정비,일반,(상용) 수동재생 후 검댕이 게이지가 남아 있어도 상관없나요?,"문제없습니다.
검댕이 게이지가 1~2칸 정도 남아 있을 수 있지만, 수동재생이 30분 정도 진행 후 정상적으로 종료되었다면 상당량의 검댕이가 제거된 상태이므로 안심하셔도 됩니다. (게이지 변화 없을 시 재실시 필요)"
현대,차량정비,일반,(상용) 수동재생  가능 조건은 어떻게 되나요?,"충분한 엔진 웜업수온게이지 중앙위치, 차량 정차 상태파킹브레이크 체결, 기어중립+수동재생버튼을 3초 이상 누르면 수동재생 시작됩니다."
현대,차량정비,일반,(상용 특장) 엑시언트 덤프차량 판 스프링 보증기간이 어떻게 되나요?,"엑시언트 덤프 차량 판스프링 보증기간을 아래와 같이 알려드리오니 참고하시기 바랍니다.
- 판스프링 센터부프론트/리어 18개월 거리 무관- 판스프링 끝단부프론트 2년거리 무관 적용시점 18년 3월 19일 이후 출고차량"
현대,차량정비,일반,(상용 특장) 특장 어퍼바디 장착 작업 시 기술적인 지원이나 관련 자료가 필요한 경우가 많이 있습니다. 어디로 문의를 드리면 되나요?,"현재 특장 어퍼바디 작업 관련한 기술지원을 위해 상용 특장 웹사이트을 운영하고 있습니다
https://bbm.hyundai.com/login/index.do
위 웹사이트에 접속하셔서 회원가입을 하시면 바디빌더 매뉴얼 / 바디빌더 드로윙 / 프레임천공도 / 기술통신 / 인증자료 등 열람하실 수 있고 Q&A 게시판을 통해 기타 문의 사항에 대해 답변받으실 수 있습니다."
현대,차량정비,일반,"(상용 특장) 법인명의지입, 개인사업자, 특장업체 출고 차량은 어떻게 등록하나요?",블루멤버스 실 운행자 등록을 통해 내 차를 등록하실 수 있습니다.
현대,차량정비,일반,정비 예약 확인/취소는 어떻게 하나요?,마이페이지의 정비예약신청내역에서 확인 및 취소가 가능합니다.
현대,차량정비,일반,정비관련 업체구분은 어떻게 하나요?,"하이테크센터와 서비스협력사로 구분되어 있습니다.

하이테크센터는 저희 현대자동차에서 직영으로 운영하는 정비거점이고
서비스협력사는 현대자동차와 협정을 체결후 규정에 의거 당사 고객에게 정비서비스를 제공하는 거점이며,
서비스협력사는 다시 종합블루핸즈와 전문블루핸즈로 나누어 집니다.

종합블루핸즈란 국가에서 자동차 종합정비업 및 소형정비업으로 등록된 정비업소이며,
전문블루핸즈란 국가에서 자동차 부분정비업으로 인가된 정비업소 입니다."
현대,차량정비,일반,차량의 연비가 안 좋은데 어떻게 해야 하지요?,"많은 분들이 연비에 대해 질문을 하십니다.

질문의 유형은 대략 두 가지 정도로 요약할 수 있습니다.
첫 번째는 차량에 부착되어 있는 연비 표시 스티커상의 연비와 실주행시의 연비가 틀린 경우,
두 번째는 종전보다 연료가 짧은 시간에 과다 소비될 때입니다.

첫 번째 질문에 대한 답변은 연비의 정의나 측정방법에 대해 정확히 알지 못해 제기될 수 있는
질문입니다.
현재 국내에서 실시되고 있는 연비 측정방법은 0K모드(주행거리 160km이내의 차량을 가지고 테스트)로
사용할 운전자가 체감하는 성능과 제원표상 제원과 오차를 최대한 줄이기 위해 정밀 측정되고 있습니다.
하지만 운전자가 운행하는 구간의 교통흐름과 도로 상태, 운전 방법, 차량 적재물의 무게, 차량 상태 등
연비에 영향을 끼칠 수 있는 요인에 따라 실제 표시연비와는 차이가 날 수 있습니다.

두 번째는 차량의 상태와 밀접한 연관이 있습니다.
현재의 운행되는 대부분의 차량들은 연료 분사량을 일정하게 유지시켜주기 위해 전자제어를 사용하고
있는데, 이 연료 분사량을 결정하는 센서의 고장, 또는 엔진내부의 청결함이 떨어질 때,
소모품(엔진오일 · 점화플러그 · 점화케이블 · 배전기캡 · 로터 등)을 제때 교환하자 않았을 경우에도
연비가 나빠질 수 있습니다. 즉, 연료가 비정상적으로 과다 소모되는 것이지요.

이런 경우 정비업체를 방문해 전문 진단장비를 사용, 엔진 상태를 점검 받아 보는 것이 좋습니다."
현대,차량정비,일반,인터넷으로 정비예약은 어떻게 하는건가요?,"현대자동차 홈페이지 주요 메뉴중 [서비스네트워크 검색/예약] 를 접속하셔서 예약을 클릭하시면 됩니다

고객님의 이력을 관리하기 위하여 회원로그인을 한 후 신청을 할 수 있도록 하였습니다.

정비예약 안내멘트에 따라 해당항목을 클릭하셔서 현재일로 부터 2주 후까지 신청하실 수 있습니다.




※ 현대자동차홈페이지 > 고객서비스 > 서비스네트워크 > 서비스네트워크 검색/예약 참조 ▶바로가기"
현대,차량정비,일반,탬퍼러리 타이어(임시타이어)를 적용하는 이유가 뭔가요?,"템퍼러리 타이어는 풀사이즈 타이어 대비 중량이 약 3~5kg 이상 감소되어 연비 효율성이 높으며,
작은 부피로 트렁크의 공간 활용도가 향상되는 장점이 있습니다.

이와같은 이유로 전세계 자동차 제조사에서 템퍼러리 타이어를 공통적으로 적용하고 있는 추세입니다.

템퍼러리 타이어는 외관 상 일반 타이어보다 작아보이지만, 경도(단단하기)가 높아 주행중 심각한
장애가 없는 범위에서 타이어의 동반경(주행중 타이어 사이즈) 차이가 최소화 되도록 개발 되었습니다.

또한 주행 안정성을 위하여 제동시 쏠림, ABS 센서 오작동 등 템퍼러리의 안전성 검증 후
적용되었습니다.

다만, 주행중 타이어 펑크 등 비상 상황에서 템퍼러리 타이어로 장착 후 시속 80km를 유지한다면
템퍼러리 타이어는 실용적이며 안전하게 사용할 수 있습니다."
현대,차량정비,일반,"자동차에서 소음이 생기는 경우, 리콜을 받을 수 있나요?","리콜을 잘못 정의하여 제품에 문제가 생겼을 경우 제품 자체를 교환해주는 것으로 알고 있거나,
어떤 고장이든 리콜 해야 한다고 생각하는 경우가 종종 있습니다. 이는 자동차회사에서 자체적으로
제품 성능을 높이기 위하여 실시하고 있는 서비스 활동을 리콜이라고 오해해서 발생되는 상황입니다.

리콜(Recall)은 사전적 의미로 불량 제품의 회수를 뜻하며 다른 용어로는 """"call back"""" 이라고도 합니다.

자동차 회사에서는 제품에서 """"안전에 관련된 문제"""" 가 확인되었을 경우 언론기관에 발표를 하고
대상고객에게 반드시 고객통지문을 발송, 불량의 원인이 되는 부품을 100% 수거해 점검하고
문제되는 부분에 대해 개선된 부품으로 교환 · 수리하는 것을 리콜로 정의하고 있습니다.

이 정의에 따르면 자동차에서 소음이 생기는 경우는 안전과 관련된 부분이 아니기 때문에 리콜은
받을 수 없습니다. 하지만 소비자의 만족도를 높이기 위하여 차후에 개선된 부품을 무상으로
교체해드리거나, 보증수리를 통해 문제를 해결합니다.

리콜은 소비자의 재산과 생명을 보호하며 동시에 기업의 신뢰성, 성실성을 가늠할 수 있는 잣대입니다.
기업은 소비자에게 피해가 발생하지 않도록 제품의 제작, 생산, 판매뿐 아니라 리콜, 보증수리를
해주며 끝까지 최선을 다해야 할 것입니다."
현대,차량정비,일반,에어백은 언제 터지나요? 에어백의 작동 조건을 알고 싶습니다.,"에어백은 모든 충돌시에 무조건 작동되는 것은 아닙니다.
사소한 충돌에도 에어백이 펼쳐지면, 이를 다시 장착하는 데에 많은 시간과 경제력이 소비되기 때문에
정확한 조건하에서만 작동 되도록 설계되어 있습니다. 충돌방향, 충돌부위, 충돌정도가 작동조건에서
벗어나 있으면 에어백은 작동하지 않습니다.

정면 에어백 :
정면 에어백(운전석 및 동승석[사양 적용시] 에어백)은 일반적으로 차량 정면, 가운데를 중심으로 약간 왼쪽부터
약간 오른쪽까지 충격이 있을 때, 정면 충돌 센서에 충격이 전달되면 충돌의 세기, 차량의 속도 또는 충돌 각도에
따라 에어백 제어 모듈에서 판단하여 작동되어 집니다.

측면 에어백 :
측면 에어백(사이드 및 커튼 에어백)은 측면 충돌 시, 측면 충돌 센서에 충격이 전달될 때 충돌의 세기, 차량의 속도
또는 충돌 각도에 따라 에어백 제어 모듈에서 판단하여 작동되어집니다."
현대,차량정비,일반,"에어백을 장착하는 것이 오히려 사고시 위험하다는 이야기가 있던데, 정말인가요?","에어백의 역할은 치명적인 사고로부터 운전자와 탑승자를 좀더 안전하게 보호하는 것입니다.
하지만 갑작스런 팽창시에는 가벼운 찰과상 등을 입을 수도 있습니다. 또한 정상 체중의 성인을
기준으로 개발됐고 충격시 작동시간도 0.05초 정도밖에 되지 않기 때문에 간혹 작은 체구의 여성이나
어린이에게 뜻밖의 충격을 입힐 수도 있습니다.

따라서 조수석에 에어백이 설치된 차량에는 어린이나 작은 체구의 여성을 태우는 일은 삼가는 것이
좋습니다. 이외에도 에어백을 좀더 안전하게 이용하기 위해 지켜야 할 일반적인 주의사항이
있습니다.

운전대에 너무 가깝게 다가선 자세로 운전한다거나 에어백이 장착된 공간 위에 손이나 발, 물건 등을
올려놓는 것은 피해야 합니다. 만일의 경우 손과 발에 의한 충격으로 에어백이 터질 수 있고, 에어백이
작동될 때 올려놓은 물건에 의해 부상을 당할 수 있기 때문입니다. 그리고 """"안전벨트의 작용을 보조하여
충돌 시에 탑승자의 충격을 경감시키는 것""""이라는 에어백의 원래 의미를 생각해 볼 때 무엇보다
안전벨트를 착용하는 것이 에어백의 효과를 높이는 지름길일 것입니다.

에어백을 장착한 차량은 그만큼 더 안전하다는 것을 의미하지만 사고시 100% 안전을 보장하는 것은
아닙니다. 에어백은 어디까지나 안전 보조기구입니다. 따라서 무엇보다 중요한 것은 사고가 나기 전에
운전자 자신이 안전운행을 하려는 노력을 기울이는 것입니다."
현대,차량정비,일반,냉매량이 부족한지 에어컨 냉방성능이 떨어진 것 같습니다. 어떻게 하면 좋을까요?,"에어컨 바람은 정상적으로 나오지만 냉방이 안 되는 경우에는 우선 바람의 온도가 어느 정도인지
손으로 체크해 봅니다. 시원하지 않거나 더운 기운이 느껴지면 에어컨의 냉매가 부족해 찬 공기를
내뿜지 못하는 상태입니다.

에어컨 냉매는 소모되는 것이 아닙니다. 따라서 신차 출고 이후 3년 이내에 충격이나 사고가 없었는데
이와같은 현상이 발생하면 차에 이상이 있는 것이니 정비공장을 방문하여 검사를 받아 보는 것이
좋습니다. 정비공장에 입고하여 에어컨 냉매압 시험이나 형광물 투입법, 냉매 누출 센서기를 이용하여
냉매 누출 여부를 확인하고 냉매를 채워주어야 합니다.

위와 같이 냉매가 눈에 띄게 줄어들지는 않았더라도 에어컨 시스템에는 숨구멍이라는 것이 있어
미세량이 빠져 나갈 수 있기 때문에 예방점검 차원에서 2~3년 주기로 냉매량을 점검해 주어야 합니다.

또 여름철만 되면 냉매를 교환해야 되는 것으로 아는 운전자들이 많은데, 이는 잘못된 상식입니다.
본격적인 여름철이 되기 전에 냉매의 누출 여부를 확인한 뒤 부족분만 채우면 됩니다.

에어컨 관리를 잘 할수록 쾌적하고 시원한 여름을 보낼 수 있다는 것을 잊지 말아야 하겠습니다."
현대,차량정비,일반,"오랜만에 에어컨을 켰는데, 냄새가 납니다. 어떻게 청소하면 좋을까요?","오랜만에 켠 에어컨에서 냄새가 나는 것은 바람이 방출되는 에어컨 내부 청소를 제대로 하지 않아,
남아있던 수분과 먼지가 곰팡이 균으로 변했기 때문입니다.

에어컨을 자주 사용하더라도 대부분 단순히 스위치 조작으로 작동시키는 것에만 신경을 쓸 뿐
내부 청소에는 소홀하기 마련입니다.
그렇다고 청소를 하려고 인스트루먼트 판넬(크러쉬패드)을 모두 떼거나 정비소를 방문해 청소하기는
번거롭기만 합니다. 그래서 많이 사용하는 것이 스프레이 형식의 보조용품입니다.
하지만 냄새 제거 효과가 오래 유지되지는 않습니다.

더 큰 효과를 보려면 냄새의 원인인 차량 내부의 수분과 먼지가 차량 외부로 방출될 수 있도록
환기를 시켜주어야 합니다. 에어컨을 환기시킬 때에는 차문을 전부 열고 히터 위치에서 송풍을
고단에 놓는 것이 좋습니다. 이렇게 하면 쌓여 있던 먼지가 밖으로 방출이 되고,바람이 나오는
방출구 내부가 마르면서 냄새가 제거됩니다.
또 항균 필터(에어컨 필터)가 장착되어 있는 차량은 항균 필터 상태를 확인하고 자주 교환해 주는 것이
좋습니다. 교환 주기는 주변의 대기환경 오염 정도에 따라 다르지만 평균 10,000～20,000km사이에
교환해 주는 것이 좋습니다.

★올바른 에어컨 사용요령 안내★

①에어컨 스위치를 항상 켜놓지 맙시다.
☞에어컨 스위치를 켜둔 상태에서 차 시동을 걸 경우, 에어컨 컴프레셔(압축기)를 함께 작동시키는
과정에서 부하가 발생되고, 시동모터와 배터리에도 무리를 줄 수 있으므로 시동 후나 신호대기시
켜는 것이 좋습니다.

②목적지 도착 3분 전에 에어컨을 끄십시오.
☞에어컨을 끌 때는 목적지 도착 2~3분 전에 미리 끄는 게 좋습니다.
에어컨을 사용하면 외부와의 기온 차 때문에 에어컨 에바퍼레이터(증발기)에 응축수가 생깁니다.
목적지 도착 2~3분 전에 에어컨 스위치를 끈채 바람만 나오게하면 공기통로에 남아있는 수분을
건조시켜 곰팡이가 증식하는 것을 방지할 수 있습니다.
그렇지 않으면 응축수가 먼지와 엉겨 곰팡이가 증식하게 되고 냄새를 유발하는 원인이 됩니다.
아울러 에어컨을 꺼도 한동안 시원한 상태가 유지돼 조금이라도 연료를 아끼는 효과도 있습니다."
현대,차량정비,일반,"겨울철 창문에 생기는 김서림, 신속히 제거하는 방법이 없을까요?","겨울철 차량 창문 안쪽 김서림으로 바깥이 보이지 않아 운전하는 데 장애가 된 적이 많으실 겁니다.

아무리 닦고 닦아도 사라지지 않아 짜증을 낳는 김서림. 김서림은 대기 중에 포함되어 있는 수분과
온도 때문에 생기는 현상입니다. 대기 중 수분은 찬 곳으로 이동해 열을 뺏으려는 성질이 있는데,
차량 내부의 수분이 차가운 차창 주위 에 몰려 김이 서리게 되는 것입니다.

특히, 겨울철에는 창문을 꼭 닫아 둔 채 오랜 시간 운행하는 경우가 많아 운전자와 탑승자의 호흡으로
배출된 습기가 차 안의 습도를 더욱 높이게 됩니다.

이러한 김서림을 없애기 위해선 차량 내부 온도와 바깥 온도를 같도록 유지시켜 주는 것이 가장 좋은
방법입니다. 차장을 열고 신선한 공기를 유입시켜 안팎 온도를 순간적으로 맞춰 주면 금방 없어
집니다.

제습 기능을 하는 에어컨을 작동시켜 강제로 습기를 없애는 것도 좋은 방법입니다.

현재 생산되는 차량들은 풍향을 창문이나 창문과 발 아래쪽으로 조정할 때 자동으로 에어컨이
작동하도록 되어 있는데, 2000년 이전에 생산된 차량들은 에어컨을 수동으로 켜야 하기에 여러 번
스위치나 컨트롤러를 작동해야 하므로 불편할 수 있습니다.

이러한 불편함을 없애기 위해서는 김서림이 생기지 않도록 미리 예방하는 것이 가장 좋은 방법일 것
입니다. 평소 차량 실내가 눅눅해지지 않도록 히터를 사용해 적정한 습도를 유지해 주는 것이
중요하며 시중에 판매되고 있는 김서림 방지제를 이용하는 것도 한 방법입니다."
현대,차량정비,일반,"자동변속기 차량의 HOLD, O/D OFF 버튼은 어떤 때 써야 합니까?","HOLD는 ‘잠근다’라는 표현이 적절한 것 같습니다.

눈길이나 빙판길에서는 스노우 체인을 써서 출발하거나 주행하는 것이 큰 도움이 되겠지만
스노우 체인을 당장 감고 운행할 수 없을 때는 회전력이 큰 1단 기어보다 2단 기어로 출발하는 것이
타이어의 슬립을 줄여 출발을 쉽게 합니다.

자동변속기는 모든 출발이 1단이고 사용자의 마음대로 변속을 할 수 없으므로 HOLD를 사용하면
D상태에서 2단으로 출발하므로 운행을 쉽게 합니다. 또한 2, 1(L) 변속 레버를 변경시 HOLD를
작동시키면 기어를 고정시켜 주는 구실을 합니다.

O/D OFF는 ‘over drive off’ 즉 ‘높은 단수를 제어한다’는 의미입니다.

D레인지 상태에서 언덕길 주행이나 급가속이 필요한 경우 O/D OFF를 쓰게 되면 4단으로 주행하던 것을 3단으로 내려 주행시키고 4단으로는 변속이 되지 않게 하는 구실을 합니다.

간혹 D레인지 상태에서 언덕길을 주행하다 보면 60km이상에서 엔진에 힘이 떨어지고 가속 페달을 깊게
밟아도 차량이 탄력을 받지 않는 것을 경험하셨을 것입니다. 수동변속기 차량이라면 운전자가 직접
변속을 제어할 수 있지만 자동변속기 차량은 컴퓨터의 신호에 따라 변속이 되므로 적절한 변속을
이룰 수 없는 경우가 있기에 O/D OFF를 쓰면 운행이 쉬워집니다.

또한 HOLD의 기능과 같이 2(2단 출발 2단 주행), 1(L:1단 출발, 1단 주행)에서 기어를 고정시켜 주는
일을 합니다. 자동변속기 차량을 잘 알고 쓰면 수동변속기보다 더 편하고 경제성 있게 운행할 수
있음을 잊지 말아야 합니다."
현대,차량정비,일반,블루투스 등록 방법,"블루투스 휴대폰 등록(AVN)

1. 스티어링 리모트 컨트롤의 “통화”버튼 또는 헤드유닛의 “PHONE” 버튼을 누릅니다.

2. ”신규기기 검색” 메시지 창이 표시되면, “예”버튼을 선택 합니다.

3. 폰 신규 검색창이 표시되면, 주변에 있는 블루투스 휴대폰을 검색합니다.

4. 검색목록 화면에서 연결을 원하는 리스트를 선택합니다. 만약 검색결과가 표시되지 않으면 “재검색”버튼을 누릅니다.

5. 블루투스 휴대폰에서 인증번호를 입력한 후 블루투스 휴대폰의 “확인”버튼을 누르면 헤드유닛과 연결됩니다.

6. 인증번호 입력이 되지 않거나 등록에 실패할 경우 “재시도” 메시지 창이 표시됩니다. “예” 버튼을 선택하여 등록을 재시도 합니다.




블루투스 휴대폰 등록

1. “SETUP” 키를 누르십시오.

2. “PHONE” 메뉴를 선택하십시오.

3. “PAIR”를 선택하십시오.

4. 폰의 이름을 말씀하십시오. (예: 홍길동, 현대/기아 자동차 등)

5. 블루투스 등록 모드 화면으로 변경되며 이전 연결된 폰은 연결 해제됩니다.

6. 블루투스 휴대폰을 이용하여 핸즈프리 기기를 검색 하십시오.

※ 블루트스 등록방법은 휴대폰 제조사 마다 상이하므로 휴대폰 설명서를 참조하십시오.

7. 블루투스 휴대폰에 비밀번호 요구 시 블루투스 등록 모드에 표시된 인증번호(“0000”)를 입력하십시오.

8. 등록과정이 종료되면 “등록이 완료 되었습니다.” 또는 “등록이 실패하였습니다.”라고 음성안내를 합니다.




※ 현대자동차 홈폐이지 > 고객서비스 > 차량 관리 서비스 > 스마트기기 연계 서비스 > 블루투스 호환 안내 바로가기 ▶"
현대,차량정비,일반,"차량별 와이퍼 사이즈,핸들사이즈,전구 규격 사이즈 문의","취급설명서 8장 차량 제원편 확인 바랍니다.

상세하게 수록되었습니다.




※ 현대자동차 홈폐이지 > 하단 '자료실' 에서 차종별 취급설명서 검색 ▶바로가기"
현대,차량정비,일반,타이밍벨트 체인 적용 여부 문의,"요즘 대부분 차량에서는 반영구적인 타이밍 체인을 사용하고 있습니다.




고객님 차량에 타이밍벨트가 적용될 경우 취급설명서 7장 정기점검편에 점검주기가 수록되어 있습니다.




취급설명서를 확인 하십시오.




※ 현대자동차 홈폐이지 > 하단 '자료실' 에서 차종별 취급설명서 검색 바로가기 ▶"
현대,차량정비,일반,여름철에 세차시 헤드램프에 습기가 차요!,"세차장까지 차를 주행하게 되면 엔진룸의 열이 헤드램프의 뒷면을 뜨겁게 만듭니다.
이때 차가운 물로 세차를 하면 헤드램프 표면과 내부의 온도차에 의해 내부에 습기가 생깁니다.
단, 여름이 아닌 다른계절에는 램프가 많이 뜨거워지지 않아 습기 생성이 적어집니다.

※ 습기는 유리의 내/외부 온도 차이에 의해 생기는 자연현상 입니다."
현대,차량정비,일반,빗길을 운행 후 헤드램프에 습기가 차요!,"""헤드램프를 켜고 주행 시 램프 내부의 온도는 상승하나 렌즈 표면은 빗물에 의해 온도가 떨어져
램프 내/외부의 온도 차이로 내부에 습기가 생깁니다.""

※ 습기는 유리의 내/외부 온도 차이에 의해 생기는 자연현상 입니다."
현대,차량정비,일반,제 차량의 연료탱크 용량 70리터인데 주유를 하면 77리터 정도가 더 들어가요. 왜그런건가요? (공칭용량) 팽창공간 문의,"<공칭용량>
주요 제원표에 기재된 연료탱크 용량을 의미하며, 연료탱크마다 안전을 위해 약 10% 정도의
팽창공간을 두며, 팽창 공간을 제외한 연료탱크의 용량을 ""공칭 용량""이라고 부릅니다.
(*LPG는 법규상 85%까지만 충전)

*팽창 공간을 두는 이유는 아래와 같습니다.

① 대기온도에 따른 연료 부피의 변화에 의한 연료의 누유 등을 막기 위함
② 언덕주차 시 연료 누유 방지
③ 팽창공간은 안전공간 (모든 연료탱크 적용)"
현대,차량정비,일반,스마트키 차량인데요. 중립 주차를 하려는데 N단에서 시동을 꺼도 꺼지지가 않는데 다른 방법이 있나요?,"[핸드/풋 파킹 브레이크 적용 차량]

① 주차브레이크를 작동시키고, 브레이크 페달을 밟은 상태에서 「P」 (주차) 위치에 두고 엔진을 정지시키십시오.
스마트 키 장착 차량은 「P」 (주차) 위치에서만 시동을 끌 수 있습니다.
「P」 (주차) 위치가 아닌 곳에서 시동 버튼을 누르면 「ACC」 상태로 됩니다.

② 바퀴에 고임목을 설치하십시오.

③ 주차 브레이크를 해제하십시오.

④ 브레이크를 밟고, 변속레버 앞쪽에 위치한「SHIFT LOCK RELEASE」버튼(버튼커버가 있을 시 열고 키를 꽂아 누르고)

누르고 자동변속기의 위치를「N」(중립)위치로 변속하십시오.

「P」(주차) 위치는 변속기가 잠기는 위치로 차량을 쉽게 움직일 수 없는 위치 입니다.




[전자 파킹 브레이크 적용 차량]

① 주차 블레이크 스위치를 당긴후 5초이내에 주차 브레이크 해제된 상태로 브레이크 페달을 밟은 상태에서 변속레버를 「P」(주차)위치에 두고 시동을 끄십시오.

② 바퀴에 고임목을 설치하십시오.

③ 브레이크를 밟고, 변속레버 앞쪽에 위치한「SHIFT LOCK RELEASE」버튼(버튼커버가 있을 시 열고 키를 꽂아 누르고)

누르고 자동변속기의 위치를「N」(중립)위치로 변속하십시오.

「P」(주차) 위치는 변속기가 잠기는 위치로 차량을 쉽게 움직일 수 없는 위치 입니다.




※ 단,위와 같은 비상시 주차를 제외하고는 항상 안전을 위하여 「P」(주차) 위치에 놓고 주차 브레이크를 작동 하십시오."
현대,차량정비,일반,여름철마다 냉매를 교환해야 하나요?,"아닙니다.

에어컨 냉매가스는 새어나가지 않는다면 영구적으로 사용할 수 있습니다.
큰 충격이나 마모 또는 연결부위 O-링 손상 등의 문제로 에어컨관련 부품 이음새 등이 파손되지
않는 한 냉매가스가 새는 경우는 많지 않습니다.

차를 오래타다 보면 조금씩 자연적으로 없어지지만 이는 매우 적은 양입니다. 따라서 매년 에어컨
냉매를 보충해야 할 필요는 없는 것입니다.

에어컨을 2,3단으로 작동시켜 손바닥을 이용하여 냉기를 느낄 수 있으면 문제가 없다고 보시면 됩니다.
에어컨 냉매가스가 없어 에어컨이 시원하지 않으면 냉매가스 누출 원인을 확인하여 가스가 누출되는
원인을 수리하고 냉매가스를 완충하면 됩니다."
현대,차량정비,일반,에어컨 성능을 향상시키는 방법 안내,"●에어컨 작동은 1단부터 작동하기 보다는 최고단수부터 작동하는 것이 좋습니다.

☞에어컨을 처음 틀때 1,2단이 아닌 3,4단부터 시작하는 게 냉각효율과 에너지 절약에 도움되며,
공기순환 모드를 잘 활용하면 냉방효과를 더욱 높일 수 있습니다.
차내 급속 냉방을 위해서는 내기순환 모드에서 에어컨을 가동하고, 최고단수로 5분 정도 작동한 뒤
조정하는 게 효과적입니다.

●에어컨 콘덴서(응축기)를 청소합시다.

☞엔진오일 교환이나 세차 때 정비사에게 에어컨 컨덴서(응축기) 외부에 붙어있는 벌레,이물질,먼지
등을 압축공기나 고압세차기로 청소해달라고 부탁하면 10% 정도의 냉각효을 상승 효과를 기대
할 수 있습니다.
콘덴서는 라디에이터 앞에 설치돼 차량속도와 냉각팬에 의해 기체상태의 냉매를 고압의 액체상태로
만드는 장치로, 이물질이 붙어 있으면 공기가 잘 통하지 못해 냉각효율이 떨어집니다.

●차 안의 열을 식힌 후 에어컨을 사용하세요.

☞강한 여름볕에 장시간 주차했을 때 실내도는 80도 가까이 올라간다고 합니다.
이런 차 안에서 바로 에어컨을 작동시켜도 에어컨 효과를 보기가 어렵습니다. 우선, 차문 한쪽을 열고
반대쪽 문을 열었다 닫었다를 수 차례 반복하여 실내의 더운공기를 배출하여 열을 식힌 후 에어컨을
켜야하며, 주차는 그늘을 찾아서 주차하는게 좋습니다.

●실내 에어필터를 점검하고 교환합시다.

☞요즘 차들은 대부분 실내 에어필터가 달려 나옵니다.
하지만 자신의 차량에 에어필터가 달려 있는지 조차 모르는 운전자도 적지 않습니다.
실내 에어필터를 제때 갈아주지 않으면 퀴퀴한 냄새뿐 아니라 바람까지 약하게 나옵니다.

항균필터가 달린 차라면 국내여건상 봄에는 황사, 여름에는 에어컨 사용, 겨울에는 히터를 사용하기 전
최소한 1년에 3번 정도는 필터 점검이 필요하며, 오염이 심할경우 교환해주고 매 15,000km 마다
교환하도록 되어 있습니다.
항균필터를 떼어낸 후 바람을 최대한으로 돌리면 공기 통로에 있는 먼지를 털어 낼 수 있습니다.^^"
현대,차량정비,일반,길이 미끄러워서 바퀴에 체인을 사용하려고 하는데요 어디에 감아야 하나요?,"타이어 전체에 체인을 사용 하셔야 하지만, 체인이 2개 뿐인경우 차량의 구동바퀴쪽에 체인을
사용 하셔야 합니다.

*전륜구동차량 : 앞바퀴
*후륜구동차량 : 뒷바퀴
*4륜(4WD 구동차량) : 네바퀴 모두 사용"
현대,차량정비,일반,계기판에 수도꼭지 모양(엔진체크경고등)의 경고등이 떠요.,"엔진의 정상적인 작동을 제어하는 엔진 전자 제어장치나 배기가스 제어에 관계되는 각종 센서에
이상이 있을때 엔진 경고등이 점등됩니다.
주행중에 점등되면 가능한 빨리 저희 하이테크센터 또는 서비스 협력사에 정비를 의뢰하십시오.

일반적으로 견인은 하지 않아도 됩니다. 그러나 가능한 빨리 정비를 의뢰하십시오.
단, 일부 엔진 제어 장치 고장시에는 엔진이 시동되지 않을 수도 있으니 이 때에는 견인하십시오.

※ 주의 : 엔진 체크 경고등이 점등 또는 점멸된 상태로 계속 주행하면, 운전성능과 연료소비에 영향을
주는 배기 제어 계통에 손상을 가져올 수 있습니다. 또한 배출가스 규제와 관련된 제재조치를
받으실 수도 있으므로 가까운 하이테크센터 또는 서비스 협력사에 점검 및 정비를 받으십시오."
현대,차량정비,일반,연료부족경고등 점등 후 몇 키로 운행 가능한지요.,"연료 부족 경고등이 점등되면 연료를 바로 보충 하십시오.

대략 20~30 Km 정도 여유는 있습니다만 도로조건이나 운행여건, 차종에 따라 다르므로
정확한 운행 키로수를 측정해드리긴 어렵습니다.

연료가 완전 소모되어 운전할 경우 엔진 및 연료장치에 고장을 일으킬 수 있으므로,
경고등이 점등되기 이전에 연료를 충전하여 사용하시기 바랍니다."
현대,차량정비,일반,도어 커티쉬램프 타입 문의,"취급설명서 8장 차량제원편 전구의 용량 확인바랍니다.
전구 용량에 도어커티시 램프 규격이 수록되어 있으면 해당함.

※ 홈페이지 > 서비스 > 취급설명서"
현대,홈페이지,일반,차량을 판매한 경우 어떻게 하나요?,마이페이지에서 보유차량 삭제를 눌러주시면 더 이상 차량 정보 표출이 되지 않습니다.
현대,홈페이지,일반,내 차가 아닌 다른 차량이 보입니다.,"차량을 다른 운전자에게 판매하신 뒤에도 내 차 정보에서 지속하여 정보가 표출될 경우, 직접 내 차 정보에서 차량 삭제 기능을 통하여 삭제할 수 있습니다."
현대,홈페이지,일반,실 운행자 등록 시 사용 가능한 기능은 무엇인가요?,"실 운행자로 등록되신 경우에 정비예약, 수리 이력 확인 등 차량운행 시 필요한 기능 활용이 가능합니다."
현대,홈페이지,일반,내 차 정보가 안 보여요.,"현대닷컴 홈페이지 혹은 지점/대리점 방문을 통해서 실 운행자 등록 가능합니다.
https://www.hyundai.com/kr/ko/service-membership/bluemembers/car-register/bluemembers-car-register
중고차 구매 시 보유하신 차량이 조회가 되지 않는다면, 마이현대 앱 혹은 가까운 블루핸즈 방문을 통해 인증을 받으셔야 합니다."
현대,홈페이지,일반,취급설명서는 어디서 다운 받나요?,"취급설명서는 홈페이지 디지털/고객지원 > Help Desk > 사용설명서 다운로드(자료실)에서 다운로드가 가능합니다.
https://www.hyundai.com/kr/ko/digital-customer-support/helpdesk/download-center"
현대,홈페이지,일반,내비게이션 시스템 업그레이드는 어디서 하나요?,"디지털/고객지원 > 업데이트 > SW업데이트 (내비/캠)에서 확인 가능합니다.
https://www.hyundai.com/kr/ko/digital-customer-support/update/navigation-update"
현대,홈페이지,일반,"계정 통합 시, 선택하지 않은 계정은 어떻게 되나요? 가입 정보 (이름, 생년월일 등)도 통합되나요?","· 선택하지 않은 계정은 자동으로 탈퇴처리 됩니다. 이후 ID 찾기 진행하시면 검색되지 않습니다.

· 이름, 생년월일 등 가입정보가 다를 경우, 최근 본인인증 받은 정보로 업데이트/수정 됩니다."
현대,홈페이지,일반,"저는 5개 ID를 가지고 있는데, 계정 통합 화면에는 왜 2개 ID만 표시되는 건가요?","· 계정 통합은 2개 ID를 대상으로만 진행됩니다. (① 현재 로그인하려는 ID, ② 기존에 현대닷컴 가입된 ID)

· 이후 제 3의 ID로 로그인 하실 경우, 다시 한 번 본인 인증과 계정 통합 절차가 진행됩니다."
현대,홈페이지,일반,"기존에 이미 사용하고 있던 ID인데, 왜 다시 본인 인증과 계정 통합을 해야 하나요?","· 여러 개 ID 보유한 고객으로 ID 혼란으로 인한 고객 문의가 많이 발생하고 있습니다. 이에 회원 1명 당 1개의 ID만 이용할 수 있도록 변경되었습니다.(블루링크 등 현대자동차 타 서비스 동일)

· 기존에 여러 개 ID를 보유하셨던 고객이라면, ID 통합을 위해서 본인인증과 계정 통합을 진행해주세요. 통합된 ID로 현대닷컴, 블루링크, 디지털 키, 마이현대에서 동일하게 사용 가능합니다.

※ 디지털 키에 가입하신 고객이라면 ‘휴대폰 인증’을 통해 본인인증 받으셔야 서비스 이용이 가능합니다. (아이핀 인증 시, 이후 휴대폰 본인인증 재 요청됨)

· 계정 통합 절차를 진행하지 않으시면 해당 ID로 서비스 이용이 불가합니다. (필수)"
현대,홈페이지,일반,이메일 인증 받지 않으면 가입이 안 되는 건가요? 가입 절차가 너무 번거롭습니다.,"· 오타 등으로 잘못된 이메일을 입력 하셔서, 향후 비밀번호 찾기 등이 진행되지 않는 경우가 많이 발생합니다.

· 다른 사람의 이메일 아이디로 먼저 가입하여, 이후 이메일 소유자가 가입하지 못하는 경우가 발생하고 있습니다.

· 이런 부작용을 방지하기 위하여 다소 번거롭지만, 본인 이메일 임을 인증하는 절차가 추가되었습니다.

· 반드시 본인 이메일로 가입을 부탁드리며, 타인 이메일 및 타인 정보로 무단 가입 시 회원 자격이 해지될 수 있습니다."
현대,홈페이지,일반,"이미 가입되어 있는 ID가 있다고 하는데, 아이디를 바꾸고 싶어요. (사용하지 않는 ID, 퇴사한 회사의 ID 등)","· 계정 변경은 불가하며,’ 탈퇴 후 재가입’ 부탁 드립니다.

· 현대통합계정은 임의로 변경되지 못하게 관리하고 있습니다. ID 변경을 원하실 경우 ‘통합계정 탈퇴’ 이후 재가입해주셔야 합니다.

(단, 계정 탈퇴 시 가입하신 서비스가 함께 탈퇴되니 유의사항을 꼭 확인해주세요.)



※ 계정 탈퇴 하는 법

현대닷컴 로그인 > 마이페이지 > 개인정보수정 > 현대닷컴서비스탈퇴 탭 > 두 개 버튼 중 아래 ‘현대자동차 통합계정 탈퇴’ 버튼 클릭"
현대,홈페이지,일반,"본인 명의 폰도 없고, 아이핀 발급받기 번거로운데 꼭 본인인증을 받아야 하나요?","· [기존] 본인 인증만 받으면 이메일 여러 개 가입 가능 >>> [1인1계정 적용] 처음 본인인증 받아 가입한 계정 外, 다른 계정은 생성되지 않도록 변경되었습니다.

· 기존에는 여러 ID가 생성되어 고객 혼란이 심했습니다. 이에 1인 1아이디 정책을 적용하여 이후 여러 개 ID를 검색/PW 초기화 해야하는 번거로움을 줄이려고 합니다.

본인 인증은 이 정책을 위해 필요한 절차이므로 최초 1회만 본인인증 해주시면 되겠습니다. (이후에는 본인인증 정보 보관/저장함)"
현대,홈페이지,일반,"""예상하지 못한 오류가 발생했습니다."" 메시지가 표시됩니다.","시스템에서 작업 오류가 발생하는 경우 표시됩니다. 1시간 후에도 동일한 메시지가 보이는 경우에는 다음 방법 중 하나를 시도해 주세요.
· 브라우저의 쿠키와 캐시를 삭제하세요
· 다른 브라우저를 사용하세요. 예를 들어, 인터넷 익스플로러를 사용하고 있다면 크롬 또는 Safari를 이용해서 접속하세요. 브라우저가 최신 버전이 아닌 경우에는 이용에 제한이 있을 수 있습니다.

제시된 모든 방법으로도 해결되지 않는다면 홈페이지 Q&A 및 고객센터로 문의주세요. 문제화면의 스크린샷을 첨부하시면 원인파악에 도움이 됩니다."
현대,홈페이지,일반,현대닷컴 로그인 계정을 변경하고 싶습니다.,"계정 변경은 불가하며, ‘탈퇴 후 재가입’ 부탁 드립니다.

현대닷컴 계정은 임의로 변경되지 못하게 관리하고 있습니다.
ID 변경을 원하실 경우, ‘통합계정 탈퇴’ 이후 재가입해주셔야 합니다.
(단, 계정 탈퇴 시 가입하신 서비스가 함께 탈퇴되니 유의사항을 꼭 참고해주세요)

※ 계정탈퇴 하는 법
현대닷컴 로그인 → 마이페이지 → 개인정보수정 → 현대닷컴서비스탈퇴 탭 → 최하단 ‘현대자동차 통합계정 탈퇴’ 링크 클릭"
현대,홈페이지,일반,휴대폰 인증 SMS가 오지 않습니다.,"휴대폰 번호를 정확하게 입력해주세요.

현대닷컴에서 이메일 계정 입력 시 종종 오타로 인해 SMS 발송이 실패하는 경우가 있습니다.
핸드폰 번호는 공백 및 특수문자 (-) 없이 숫자만 입력 부탁 드립니다. (ex. 01012345678 (O), 010 1234 5678 (X), 010-1234-5678 (X) )

휴대폰에서 번호를 차단하셨나요?

차단 설정, 통신사 정책 등으로 인증 SMS가 발송되지 않는 경우가 있습니다.
보유하신 휴대폰에서 메시지 App. > 설정 > 메시지 차단/스팸번호를 확인 부탁 드립니다.
※ 자세한 설정 방법은 휴대폰 제조사 홈페이지를 참고해주세요.


만약 차단하지 않은 경우에도 SMS가 수신되지 않을 경우, 각 이동통신사로 확인 부탁 드립니다.
(휴대폰인증보호 서비스 가입 등 확인 필요)"
현대,홈페이지,일반,로그인 시 비밀번호가 맞지 않다고 합니다.,"비밀번호 찾기를 통해 비밀번호 재설정을 해주세요.

① 로그인 창에서 “아이디 확인 및 비밀번호 초기화” 클릭
② “이메일로 비밀번호 초기화” 클릭
③ 생년월일과 현대닷컴에 가입한 이메일 입력
④ 이메일로 발송된 인증번호를 10분 내에 입력
(도착하지 않았을 경우, 입력 주소와 스팸메일함 확인)
⑤ 신규 비밀번호 입력 후 다시 로그인

※ “이메일로 비밀번호 초기화”를 이용해주세요
- 모바일로 비밀번호 초기화를 진행할 경우, 최종적으로 로그인했던 ID에 대해서만 진행하게 됩니다. (일괄변경 X)
- 여러 개의 통합아이디를 보유하신 고객은 해당 메뉴로 PW 변경이 어려우니, 이메일로 비밀번호 초기화를 이용해주세요."
현대,홈페이지,일반,로그인 시 다른 계정으로 로그인하라고 나옵니다.,"기존에 가입하신 내역이 존재하는 경우입니다. (현대자동차 홈페이지는 1인 1계정 원칙)

이미 가입하신 현대닷컴 아이디가 있으신 경우로, 팝업창에서 안내드린 계정으로 다시 로그인하여 주세요.
비밀번호를 분실하신 경우, 로그인 > ID/비밀번호 찾기 > 이메일로 비밀번호 초기화를 이용해주세요.




[비밀번호 찾기 프로세스]

로그인 클릭 → 아이디/비밀번호 찾기 → 이메일로 비번 초기화 → 가입한 이메일 입력 → 인증번호 입력 / 재설정"
현대,홈페이지,일반,준회원은 왜 폐지되었나요. 기존 ID를 사용하지 못하는 이유는 무엇인가요?,"현대닷컴은 본인 인증된 정회원 중심의 회원 체계로 개편되었습니다. (1인 1계정)

준회원 (간편가입/소셜가입)의 경우,
가입 절차는 매우 간편하나 많은 서비스 이용에 제한이 있었습니다. (소유차량 등록, 포인트 조회 불가, 이벤트 참여 불가 등)
또한 한 고객이 여러 ID를 사용함으로써, 서비스 이용에 혼란을 주는 경우가 많이 발생하였습니다.
‘본인 인증’을 통해 정회원으로 가입하시고, 보유차량 등록, 포인트 조회, 이벤트 참여 등 더 많은 혜택을 경험해보세요.

정회원의 경우,
기존에 사용하시던 ID/PW를 그대로 사용하실 수 있습니다. (다만, 최초 1회 로그인 시 약관 동의와 PIN 입력 필요)
기존에 연동되어있던 소셜연동 계정 또한 그대로 이용 가능하십니다. (고객 편의를 위해 제한적으로 허용)
다만 신규 소셜계정을 추가 연동하는 부분은 앞으로 제한됩니다. (현대닷컴은 1인 1계정 정책 시행)"
현대,홈페이지,일반,회원가입을 해야만 현대닷컴을 이용할 수 있나요?,"회원가입을 하지 않으셔도 다양한 서비스를 이용하실 수 있습니다만, 회원가입을 하시면 좀더 다양하고 개인화된 서비스를 이용하실 수 있습니다.

별도 회원가입 및 로그인을 하지 않으셔도 현대닷컴 내 많은 서비스를 이용하실 수 있습니다만,
회원가입을 하시면 상세 견적 내기, 구매상담신청, 시승신청, 서비스네트워크예약, 마이페이지 등 일부 주요 서비스를 이용하실 수 있습니다."
현대,홈페이지,일반,회원탈퇴 및 재가입을 원할때는 어떻게 해야 하나요?,"현대자동차 홈페이지에서는 로그인 상태에서만 회원탈퇴 신청을 하실 수 있으며,

‘마이페이지’ 에서 [개인정보 수정] 버튼을 클릭하여 ‘회원탈퇴’ 메뉴를 찾으실 수 있습니다.

현대자동차 홈페이지 회원 탈퇴 시 즉시 회원정보 및 인증정보와 홈페이지 자체서비스 내역 (이벤트 응모 등) 이 모두 삭제되오니 유의하시기 바랍니다.

회원탈퇴를 완료하더라도 블루멤버스 멤버십(멤버십포인트, 멤버십카드 등) 은 유지됩니다.


회원탈퇴 후 재가입은 언제나 가능하나, 이미 삭제된 데이터는 복구가 불가능하오니 이점 유의바랍니다."
현대,홈페이지,일반,비밀번호 및 개인정보를 변경하고 싶을때는 어떻게 해야 하나요?,"비밀번호 및 개인정보 변경은 로그인을 하신 후 홈페이지 우측상단에 있는 [마이페이지] 메뉴를 이용해주시기 바랍니다. 현대자동차에서 제공해드리는 서비스의 정상적인 이용을 위해서 주소와 전화번호, 이메일 주소는 항상 최신정보로 유지해주시기 바랍니다."
현대,홈페이지,일반,‘인터넷 멤버스클럽’은 어떤 서비스인가요?,‘인터넷 멤버스클럽’은 인터넷을 이용하시는 현대자동차 구입 고객님의 즐겁고 편리한 자동차 생활을 지원해 드리기 위해 마련한 구입 고객 서비스의 이름입니다.
현대,홈페이지,일반,‘인터넷 멤버스클럽’은 언제부터 시작했나요?,2004년 10월25일부터 시작했습니다.
현대,홈페이지,일반,‘인터넷 멤버스클럽’ 서비스는 누구에게 제공됩니까?,현대자동차를 구입하신 고객이시면서 현대자동차 홈페이지 회원으로 가입하신 고객님께 제공해 드립니다. (회원가입하기)
현대,홈페이지,일반,‘인터넷 멤버스클럽’ 서비스 신청은 어떻게 합니까?,"현대자동차 홈페이지의 회원 가입을 클릭하시고, 신청 과정을 거치면 됩니다. (서비스 신청 하기)"
현대,홈페이지,일반,"‘인터넷 멤버스클럽’ 서비스를 신청하면, 어떤 서비스를 받을 수 있나요?","구입하신 차종, 운행기간, 거주 지역 등에 의해 고객님께 꼭 필요한 맞춤형 정보와 다양한 서비스를 자동차를 이용하시는 동안 지속적으로 받으실 수 있습니다. 1) 내차 정보 조회 - 고객님의 구입 이력, 계약금 및 인도금 입금 현황, 할부 내용, 정비 이력, 탁송 정보, 전담 정비 센터, 전담 카마스터 정보 등을 조회하실 수 있습니다. 2) 운행 지원 서비스 - 고객님이 운행하시는 차량의 주행거리별 관리 및 점검사항, 운전 요령, 최저가 주유소 정보, 드라이빙 날씨 등에 관한 맞춤형 정보를 받으실 수 있습니다. 또한 구입년차별로 별도 마련한 경품 서비스도 받으실 수 있습니다. 3) 자동차 생활 서비스 - 고객님의 거주 지역이나 관심 사항에 따라 생활, 여행, 취미, 레저, 문화 등에 관한 맞춤형 정보를 받으실 수 있습니다. 예를 들어 여행지 소개의 경우 해당지역의 날씨, 가는 길, 고객 거주지에서 목적지까지의 최단거리 검색, 최저가 주유소, 주차장, 세차장 정보가 지도찾기 기능과 함께 자동으로 제공됩니다. 4) 구매 지원 서비스 - 관심 차종이나 구매 예정 시점을 기입하시면, 관심 차종에 대한 최신 정보와 더불어 구매 예정 시점에는 차량 정보, 구매 조건, 이벤트 안내, 할인 혜택 등의 서비스를 받으실 수 있습니다. (관심 차종 등록하기, 구매 예정 시기 등록하기) 5) 프리미엄 컨텐츠 서비스 - 재테크 동영상 강좌 및 상담서비스, 골프 동영상 강좌, 영어/중국어 동영상 강좌, 해외 최신 경영/경제 신서 요약서비스, 날씨 SMS 안내 등 양질의 유료 컨텐츠를 인터넷 멤버스클럽 회원에게 무료로 제공해드립니다. 단, 프리미엄 서비스는 “추가 정보” 항목을 기입하신 고객님께 제공해 드립니다. (추가정보 등록하기)"
현대,홈페이지,일반,현대자동차 홈페이지에 있는 저작물 사용시 어떤 제한을 받습니까?,"현대자동차(주)의 홈페이지 (이하 '홈페이지'라 함)에는 현대자동차(주) (이하 '회사'라 함)에서 저작권을 갖고 있는 텍스트, 이미지, 사진, 영상물, VR, 플래시, 사운드 등의 저작물 (이하 '저작물'라고 함)이 포함되어 있습니다. 이러한 저작물은 대한민국 저작권법의 보호를 받습니다. 따라서 이를 이용하고자 할 경우에는 회사의 사전 허가를 받아야 하며, 허가를 받은 경우에도 아래의 요건을 준수하여야 합니다.
- 법인 및 단체나 제품 등이 현대자동차의 후원ㆍ협력ㆍ보증을 받는 것처럼 오인되도록 사용해서는 안됩니다.
- 회사 및 그 제품을 비방하거나 부정적인 이미지를 줄 수 있는 용도로 이용해서는 안됩니다.
- 저작물의 크기 조정이나 저작물의 변형, 가공이 필요할 경우 반드시 회사의 사전 허가를 얻어야 합니다.
- 저작물의 이용에 따라 생긴 손실이나 결과에 대해 회사는 어떠한 책임도 지지 않습니다.
- 어떠한 경우에도 현대자동차 웹 사이트의 페이지를 통째로 복제해서 사용해 서는 안됩니다.

회사의 허가 없이 저작물을 복제, 다운로드, 출판, 배포, 소스 이용 등으로 사용할 경우에는 모든 법적인 책임을 지셔야 합니다. 또한 현대자동차 웹 사이트를 귀하나 귀하의 회사ㆍ단체 등의 웹사이트에 링크하는 것은 회사의 허가를 받아야 하며, 이 경우에도 ""현대자동차 홈페이지로"", ""www.hyundai-motor.com으로"" 등 링크 사실을 알리는 표현과 함께 사용해야 합니다."
현대,홈페이지,일반,제품 카달로그나 설명서의 내용을 사용해도 되는지 궁금합니다.,"개인적인 용도나 비상업적인 용도로 현대자동차 제품의 카탈로그나 설명서 등의 일부를 인용 및 사용하는 경우에는 회사의 승인을 얻을 필요가 없습니다. 단, ""위 자료의 저작권은 현대자동차에 있습니다""와 같은 표현과 함께 사용하여 저작권이 현대자동차에 있음을 명시해야 합니다. 또한 현대자동차 및 그 제품을 비방하는 목적으로 사용해서는 안되며, 귀하나 귀하의 회사ㆍ사업ㆍ단체 등이 현대자동차의 후원ㆍ협력ㆍ보증을 받는 것처럼 오인될 수 있는 외관으로 사용해서는 안됩니다. 상업적인 용도로 사용하고자 할 때는 현대자동차 법무팀의 사전 승인을 받아야 합니다."
현대,홈페이지,일반,현대자동차 저작물 사용에 대해서 자세한 내용을 알려주십시오..,"기타 자세한 사항을 보시려면 홈페이지 메인 하단에 있는 ""저작권 안내"" 를 보시면 상세한 내용을 보실 수 있습니다. 쉽게 말씀드리면 개인홈페이지에 개인이 자료로써 보관코자 할 경우에는 당사 이미지를 사용하는데 큰 문제가 없습니다. 기타 상업적인 목적이나 기업사이트등 다른 용도로 사용코자 하실 때에는 우선 저작권 안내에 관한 사항을 검토하시고 다른 문의 사항이 있으시면 당사 사이버 상담 메일이나 법무팀에 문의를 해주시기 바랍니다. 또한, 홈페이지에 게재되지 않은 다른 이미지를 추가로 제공하지는 않습니다."
현대,홈페이지,일반,아이디와 패스워드를 분실하였습니다.,"아이디와 패스워드를 분실하였을 경우 로그인 페이지 하단에 [아이디 찾기]와 [비밀번호 찾기]를 이용해주시기 바랍니다.




아이디 찾기

아이디찾기 페이지에서, 회원정보(이름과 생년월일, 성별 혹은 이름과 휴대전화번호)를 입력하거나 본인인증(아이핀 인증, 휴대폰 인증)을 통해 찾을 수 있도록 하였습니다.

본인인증을 하지 않는 ‘이메일 간편가입’ 또는 ‘SNS 계정으로 가입’ 하신 경우, 가입 시 입력하신 회원정보로만 찾으실 수 있습니다.




※ 현대자동차 홈페이지 > 로그인 > 아이디찾기 바로가기 ▶




비밀번호 찾기

비밀번호찾기 페이지에서, 가입하신 ‘이메일 아이디’ 를 입력한 뒤,

회원정보(성별/생년월일 또는 휴대폰번호) 또는 본인인증(아이핀 인증, 휴대폰 인증) 을 입력하여 결과가 일치하는 경우,

등록하신 이메일 주소로 임시 비밀번호를 발송해 드립니다.

본인인증을 하지 않는 ‘이메일 간편가입’ 또는 ‘SNS 계정으로 가입’ 하신 경우, 가입 시 입력하신 회원정보로만 찾으실 수 있습니다.

발급된 임시 비밀번호로 로그인 후, 사용하시는 개인 비밀번호로 변경하여 주시기 바랍니다.




※ 현대자동차 홈페이지 > 로그인 > 비밀번호찾기 바로가기 ▶"
현대,블루멤버스,일반,블루멤버스 회원 가입 후 카드 발급은 언제 되나요?,"블루멤버스 가입이 완료된 회원에게는 멤버십 카드(모바일)가 발급됩니다. 


현대자동차 홈페이지, 마이현대 앱 등을 통해 카드번호 및 모바일 바코드 확인이 가능하며, 마이현대/네이버페이/삼성월렛 앱을 통해 블루멤버십 포인트를 사용할 수 있습니다. 
-마이현대: 로그인 > 우측 상단 바코드
-네이버페이: 로그인 > 멤버십 > 멤버십 추가 > 블루멤버스
-삼성월렛: 멤버십 > 추가 > 블루멤버스


실물카드 발급을 희망하시는 고객분들께서는 현대자동차 고객센터(080-600-6000)로 문의하시기 바랍니다."
현대,블루멤버스,일반,블루멤버스 회원 정보를 확인/변경하고 싶어요.,"현대자동차 홈페이지 또는 마이현대 앱, 현대자동차 고객센터(080-600-6000)를 통해 회원정보를 확인하거나 변경할 수 있습니다."
현대,블루멤버스,일반,본인 이외의 가족이 보유한 블루멤버스 포인트를 사용할 수 있나요?,"블루멤버스 패밀리 멤버십에 등록하시면 등록된 가족 구성원 간 제약없이 실시간으로 자유롭게 포인트를 공유하여 사용할 수 있습니다.
패밀리 멤버십은 패밀리 대표의 직계존비속, 형제/자매, 배우자까지 등록 가능합니다. (패밀리 대표 포함 최대 8명)
패밀리 멤버십 등록 및 기타사항은 현대자동차 홈페이지(www.hyundai.com) 블루멤버스 메뉴에서 확인할 수 있습니다."
현대,블루멤버스,일반,블루멤버스 포인트 양도 절차가 어떻게 되나요?,"가족인 경우 패밀리 멤버십을 통해 등록된 가족 구성원 간 제약없이 실시간으로 자유롭게 포인트를 공유하여 사용할 수 있습니다.
패밀리 멤버십은 패밀리 대표의 직계존비속, 형제/자매, 배우자까지 등록 가능합니다. (패밀리 대표 포함 최대 8명)
패밀리 멤버십 등록 및 기타사항은 현대자동차 홈페이지(www.hyundai.com) 블루멤버스 메뉴에서 확인할 수 있습니다.


패밀리 멤버십을 등록하지 않아도, 현대자동차 홈페이지(www.hyundai.com)에서 블루멤버스 포인트를 양도할 수 있으며, 양도 가능한 대상은 다음과 같습니다.
① 가족 : 배우자, 직계 존비속, 형제/자매에게 양도 가능
② 장애인 공동명의 : 장애인 출고 건의 공동명의자에게 양도 가능
③ 사망한 회원 : 배우자, 직계 존비속, 형제/자매 및 장애인 공동명의 출고 건의 경우 장애인 사망 시 양도 가능
양도/양수인 모두가 블루멤버스 회원가입이 되어있어야 하며, 증빙서류와 양도양수 신청서 제출 시 심사 후 양도됩니다.


자세한 사항은 현대자동차 홈페이지(www.hyundai.com) 의 블루멤버스 메뉴에서 확인할 수 있습니다."
현대,블루멤버스,일반,신차구매 시 블루멤버스 포인트는 언제 적립되나요 ?,"신차구매 포인트는 회원가입과 제작증발급이 모두 완료된 날의 익일 적립되며, 적립일 기준 3일 이후부터 사용할 수 있습니다.
출고시점 블루멤버스에 미가입하신 경우 출고 후 6개월 이내 블루멤버스 회원에 가입하시면 포인트가 적립됩니다."
현대,블루멤버스,일반,세이브-오토 및 M포인트 차감을 통해 차량 가격을 할인받았습니다. 그런데 세금계산서상 금액과 차이가 있는데 왜 그런가요?,"세이브-오토 및 M포인트 사용은 현대자동차가 현대카드사와 공동으로 시행 중인 이벤트입니다. 
해당 이벤트를 통해 차량 가격을 할인받으신 경우, 고객님이 알고계신 할인 금액과 세금계산서에 표기된 내역이 다르게 느껴질 수 있습니다. 


현대자동차가 발행한 세금계산서의 차량 공급가액에는 전체 할인액의 50%만 반영됩니다.
따라서, 세금계산서상 공급가액은 실제 할인받으신 금액을 감안하면 높게 느껴질 수 있습니다. 


나머지 할인액 50%는 카드 혜택으로 제공됩니다. 
현대카드의 이용내역 또는 카드명세서를 통해 M포인트 차감내역, 카드결제(청구)금액 감소내역 등을 확인할 수 있습니다.


해당 이벤트가 현대자동차와 현대카드사가 공동으로 시행하는 행사이기 때문에, 제공되는 할인 내역이 분리되어 있습니다."
현대,블루멤버스,일반,차량 구매에 사용할 수 있는 포인트는 무엇인가요?,"■ 블루멤버스 포인트
개인고객은 5년간 최대 400만 포인트 / 법인고객은 1대당 최대 200만 포인트까지 차량금액 총 할인한도(30%) 내에서 사용 가능합니다.
단, 일부 법인 회원의 경우에는 신차 구매 시 포인트 사용이 제한될 수 있습니다.
(FLEET 업체, 이용자명의리스, 실차주계약 등)


■ 현대카드 M 포인트
5년간 최대 200만원까지 차량 구매시 사용하실 수 있습니다. 


■ 블루 세이브-오토
블루멤버스 포인트 혹은 M포인트가 적립되는 현대카드로 결제 시 적립 예정인 포인트 일부를 선사용하고, 이후 최대 36개월 동안 해당 카드를 이용하며 적립되는 포인트로 상환하는 제도입니다.
사용되는 포인트에 따라, ①블루 세이브-오토(블루멤버스 포인트)와 ②세이브-오토(M포인트) 두 가지로 나뉩니다.


차종에 따라 20~50만 포인트를 선사용 할 수 있으며, 상세한 내용은 현대카드 홈페이지의 '세이브-오토' 안내사항을 참고하세요."
현대,블루멤버스,일반,블루멤버스 포인트는 어떻게 활용하나요?,"블루멤버스 포인트는 제휴처에서 회원인증 시 현금처럼 사용할 수 있습니다.
블루멤버스 회원은 실물카드 혹은 마이현대/네이버페이/삼성월렛을 통해 인증할 수 있습니다.


-마이현대: 로그인 > 우측 상단 바코드
-네이버페이: 로그인 > 멤버십 > 멤버십 추가 > 블루멤버스
-삼성월렛: 멤버십 > 추가 > 블루멤버스


블루멤버스 제휴처 정보는 현대자동차 홈페이지(www.hyundai.com)를 참고하세요."
현대,블루멤버스,일반,블루멤버스 포인트 유효기간은 어떻게 되나요?,"블루멤버스 포인트의 유효기간은 최초 적립일로부터 만 5년입니다.
5년 경과 시점을 기준으로 익월 1일 자동 소멸됩니다."
현대,블루멤버스,일반,블루멤버스 회원가입 없이 포인트를 받을 수 있나요?,"블루멤버스 포인트는 블루멤버스 회원에 한하여 적용되는 혜택으로, 회원 가입이 필수입니다."
현대,블루멤버스,일반,블루 세이브-오토 제도에 대해 알고 싶습니다.,"세이브-오토 제도는 현대자동차/제네시스 신차 구매 시 전용카드를 이용하시는 고객께 선할인 혜택을 제공하고, 이후 카드 사용을 통해 적립되는 포인트로 해당 할인 금액을 상환해 나가는 프로그램입니다.


차종에 따라 최소 20만 원에서 최대 50만 원까지 선할인을 먼저 제공받으실 수 있으며, 할인 금액은 최장 36개월 동안 카드 이용으로 적립된 포인트를 통해 상환하게 됩니다.


만약 상환 기간 종료 시점까지 포인트 상환이 완료되지 않은 경우, 미상환 금액은 익월 카드 이용대금에 합산되어 청구됩니다.
해당 미상환 금액에 대해서는 별도의 이자가 부과되지는 않습니다."
현대,블루멤버스,일반,블루 세이브-오토는 포인트를 미리 사용하는 것 외에 또 어떤 혜택이 있나요?,"블루 세이브-오토를 이용하시면, 전월 이용실적, 카드 사용처의 조건 없이 최소 1.5% 이상 포인트 적립률 혜택을 받을 수 있습니다. 
(블루 세이브-오토 미이용 시에는 카드 종류, 카드 사용처 및 전월 이용실적에 따라 적립율 변경됩니다.)


블루 세이브-오토 이용으로 적립된 포인트는 고객님의 별다른 조치 없이도, 신차 구매 시 혜택 받으신 선할인 금액을 자동 상환하게 됩니다."
현대,블루멤버스,일반,"차량 구매 시 전용카드를 발급받은 이후, 카드를 재발급하거나 다른 카드로 교체하더라도 블루 세이브-오토 이용이 가능한가요?",블루멤버스 포인트가 적립되는 전용카드라면 카드 재발급 및 교체 시에도 블루 세이브-오토 이용이 가능합니다.
현대,블루멤버스,일반,전용카드 발급 이전에 적립된 블루멤버스 포인트로 블루 세이브-오토 상환할 수 있나요?,"전용카드 발급 이전에 적립된 블루멤버스 포인트로는 상환할 수 없습니다.
블루 세이브-오토 상환은 블루 세이브-오토를 승인한 이후에 적립된 블루멤버스 포인트로만 가능합니다.
기존에 적립된 블루멤버스 포인트는 현대자동차 신차 구매를 포함한 정비/주유 등 다양한 카테고리의 블루멤버스 제휴에서 사용할 수 있습니다."
현대,블루멤버스,일반,바디케어 서비스 가입은 어떻게 하나요?,"현대 차종은 현대샵에서 가입할 수 있고, 제네시스 차종은 제네시스부티크에서 가입할 수 있습니다.


※바디케어 서비스 안내페이지 바로가기
현대샵 바로가기
제네시스부티크 바로가기"
현대,블루멤버스,일반,"바디케어 서비스 이용 시 사고이력이 남아, 자동차보험료에 영향을 주나요?","자동차 보험과 무관하게 운영되는 서비스로, 고객님의 보험료 및 사고 이력에 영향을 미치지 않습니다."
현대,블루멤버스,일반,바디케어 서비스 보상 절차는 어떻게 되나요?,"아래 링크의 '이용 안내' 페이지를 참고하세요.
상세 안내 바로가기"
현대,블루멤버스,일반,바디케어 서비스 이용 시 차량 사진은 어디를 촬영하여 접수/제출해야 하나요?,"차량 번호판 포함 전면사진, 계기판 사진(주행거리), 손상 부위 전체/확대 사진, 자동차 등록증이 필요합니다.


상세 내용은 아래 링크의 '이용 안내' 페이지를 참고하시거나, 바디케어 고객센터(1566-6266)로 문의 부탁드립니다.
상세 안내 바로가기"
현대,블루멤버스,일반,바디케어 서비스 사고비용 처리 시 자기 부담금이 있나요?,"구매하신 바디케어 서비스 상품에 따라 상이합니다.


- 스탠다드 상품 : ① 차체(상/하/측면) 보장 시 회당 10만원, ② 앞유리/타이어 : 없음
- 스탠다드 플러스 상품 : 자기부담금 없음


상세한 내용은 아래 링크의 '보장 내역' 페이지를 참고하세요.
상세 안내 바로가기"
현대,블루멤버스,일반,"바디케어 서비스 가입 후 사고가 발생하지 않아 보장을 받지 않은 경우라면, 포인트는 다시 환불받을 수 있을까요?","바디케어 서비스는 가입 직후 보장이 개시되는 서비스로, 이용기간 내 차량 수리 여부와 무관하게 환불이 불가합니다."
현대,블루멤버스,일반,바디케어 서비스 이용 시 일반 동네 카센터에서 차량 수리 했는데 보상 안되나요?,바디케어 서비스는 지정된 블루핸즈에서 수리를 진행한 경우에 한하여 수리 비용을 지원해 드립니다.
현대,블루멤버스,일반,블루멤버스 포인트 현대캐피탈 할부 상환”이란 무엇인가요?,"개인/개인사업자 고객님께서 현대캐피탈 할부 상품을 이용하여 월 납입금을 블루멤버스 포인트로 상환하실 수 있습니다.


※ 블루멤버스 포인트를 보유한 개인/개인사업자 고객에 한하여 블루포인트로 월 납입금 상환 가능
※ 연 100만 한도 내에 상환 가능하며, 월 납입금 內 상환 가능(월 납입금은 차량가격, 할부 기간, 선수율 및 유예율에 따라 상이)
※ 블루멤버스 포인트는 신청 후 즉시 사용되며, 상환 취소는 당일 취소만 가능
※ 신청 및 문의 : 현대캐피탈 고객센터(1588-2114)"
현대,블루멤버스,일반,블루멤버스 포인트 현대캐피탈 할부 상환”은 어떻게 신청할 수 있나요?,"현대캐피탈 고객센터(1588-2114)를 통해 블루멤버스 포인트 할부 상환을 신청할 수 있습니다.


※ 신청 방법 : 현대캐피탈 고객센터(1588-2114) → ARS 통한 본인 인증 → 블루멤버스 포인트 할부금 상환 신청"
현대,블루링크,일반,[서비스] 블루링크 5년 무료 + 요금제 무료 기간 만료 이후 라이트 서비스 이용을 위해 별도 가입이 필요한가요?,블루링크 5년 무료 기간 만료 후 라이트 서비스로 자동 전환되므로 별도 가입이 불필요 합니다.
현대,블루링크,일반,"[서비스] 라이트 서비스 전환 이후 원격 제어, 뮤직 스트리밍 등 블루링크 전체 서비스를 이용하려면 어떻게 해야 하나요?",마이현대 앱 홈 화면 내 블루링크 가입 또는 마이현대 로그인 > 하단 메뉴바 [마이] 선택 > [차량 관리] 선택 > [블루링크] 메뉴에서 유료전환을 신청하시면 전체 서비스 이용이 가능합니다.
현대,블루링크,일반,[서비스] 블루링크를 가입하면 어떤 서비스가 제공되나요?,"블루링크를 가입하시면 차량 원격제어, 안전보안, 차량관리, 길 안내 서비스를 제공받으실 수 있습니다.
블루링크 자세한 서비스 안내는 아래 페이지를 참고해주세요.



블루링크 서비스 안내 ▶바로가기"
현대,블루링크,일반,[A/S] 블루링크 서비스 이용 시 오류가 발생합니다.,"블루링크 고객센터 또는 홈페이지 1:1문의에 문의해 주시면 신속하게 지원해 드리겠습니다.



블루링크 고객센터 080-600-6000
서비스 가입/해지/변경 등 (안전 보안 서비스 24시간 제공)
평일 08:30 ~ 18:00 (주말/공휴일 휴무)"
현대,블루링크,일반,[A/S] 원격 공조 제어 서비스를 사용했는데 계속 비상등이 켜져 깜박입니다.,"원격 공조 제어 서비스 이용시 비상등이 함께 켜지는 것은 정상적인 현상입니다.

스마트키로 차량의 문을 여닫으실 때 비상등이 깜빡이는 것과 동일합니다.

또한 도로 안전상의 이유로 시동이 켜져 있다는 것을 외부에서도 확인할 수 있도록 시동과 비상등이 함께 작동됩니다."
현대,블루링크,일반,[A/S] GPS 수신이 안됩니다.,"시동을 켠 후 수 분 동안 GPS가 인식되는 시간이 필요합니다.

혹은 GPS위성에서 발송하는 전파의 특성상 고가 밑, 지하차도, 도심 건물 밀집지역 등 GPS 수신 안테나가 가려지는 경우 수신 불량 상태가 발생 할 수 있습니다.

이 경우 장애물이 없는 위치로 차량을 이동하시면 GPS 수신 기능이 정상적으로 작동하게 됩니다.
만약 개방된 지역에서도 위성수신 상태가 불량하면 A/S를 통해 GPS 수신 장치의 정비를 받으시기 바랍니다."
현대,블루링크,일반,[A/S] 주행 중에 시스템 조작이 안됩니다.,"고객님의 안전한 운행을 위해 주행 중에는 단말기 조작을 제한하고 있으며, 기어가 P단일 경우만 조작이 가능합니다.

시스템 조작을 통해 서비스를 이용하시려면 차량을 잠시 정차해 주세요.

단, 조작이 간단한 일부 서비스는 주행 중에도 사용이 가능합니다."
현대,블루링크,일반,[요금제] 블루링크 유료 요금제가 어떻게 되나요?,"블루링크 자세한 요금제 안내는 아래 페이지를 참고해주세요.


블루링크 요금제 안내 ▶바로가기"
현대,블루링크,일반,[요금제] 요금 미납을 했을 경우 가산금은 몇%인가요?,요금 미납 시 가산금은 당월 청구금액의 2%입니다.
현대,블루링크,일반,[요금제] 요금제 납부 방식을 변경하고 싶습니다.,"블루링크 요금제 납부 방법 조회 및 변경은 아래 모바일 페이지 또는 블루링크 고객센터에서 가능합니다.

※ 법인/리스/렌트 차량은 블루링크 고객센터에서 처리 가능




요금제 납부 방법 조회 및 변경 모바일 페이지 ▶바로가기




- 블루링크 고객센터 080-600-6000

- 서비스 가입/해지/변경 등 (안전 보안 서비스 24시간 제공)

- 평일 08:30 ~ 18:00 (주말/공휴일 휴무)"
현대,블루링크,일반,[요금제] 사용 중인 블루링크 요금제가 궁금합니다.,"블루링크 자세한 차종별 요금제 안내는 아래 페이지를 참고해주세요.


블루링크 차종별 요금제 안내 ▶바로가기"
현대,블루링크,일반,[가입] 블루링크는 어떻게 가입하나요?,"블루링크는 블루링크 앱 또는 내비게이션(내비게이션 가입은 출고 후 1년 이내 최초 개통 시)으로 가입하실 수 있습니다.

자세한 가입 안내는 아래 페이지를 참고해주세요.




블루링크 서비스 가입 안내 ▶바로가기"
현대,블루링크,일반,[가입] 중고차를 구입했는데 블루링크에 가입할 수 있나요?,"중고차 구매 후 블루링크 가입 시 유료로 이용 또는 무료 기간 승계가 가능하신 경우 무료 기간이 제공됩니다.
블루링크 요금제에 따라 무료 기간 승계 가능여부가 다르므로, 자세한 차종별 요금제안내는 아래 페이지를 참고해주세요.
※ 블루링크 차종별 요금제 안내 ▶바로가기


중고차 구매 시 마이현대 앱으로 가입하실 수 있습니다. 자세한 가입 안내는 아래 페이지를 참고해주세요.
※ 블루링크 서비스 가입 안내 ▶바로가기"
현대,블루링크,일반,[해지] 블루링크를 해지하고 싶습니다.,"블루링크 해지는 아래 모바일 페이지 또는 블루링크 고객센터에서 가능합니다.

해지 모바일 페이지 ▶바로가기



블루링크 고객센터 080-600-6000
서비스 가입/해지/변경 등 (안전 보안 서비스 24시간 제공)
평일 08:30 ~ 18:00 (주말/공휴일 휴무)"
현대,블루링크,일반,[해지] 블루링크 가입 차량을 매각하면 자동으로 해지되나요?,"블루링크 가입 차량을 매각하신 경우 반드시 블루링크 서비스를 해지하셔야 합니다. 블루링크 서비스를 해지하지 않으시면 계속 서비스 이용요금이 부과됩니다.

블루링크 해지는 아래 모바일 페이지 또는 블루링크 고객센터에서 가능합니다.

해지 모바일 페이지 ▶바로가기



블루링크 고객센터 080-600-6000
서비스 가입/해지/변경 등 (안전 보안 서비스 24시간 제공)
평일 08:30 ~ 18:00 (주말/공휴일 휴무)"
현대,블루링크,일반,[가입] 법인/리스/렌트 차량도 블루링크를 가입할 수 있나요?,"블루링크는 마이현대 앱 또는 내비게이션(내비게이션 가입은 출고 후 1년 이내 최초 개통 시)으로 가입하실 수 있습니다.
자세한 가입 안내는 아래 페이지를 참고해주세요.


블루링크 서비스 가입 안내 ▶바로가기"
현대,블루링크,일반,[변경] 가입자 정보는 어떻게 변경하나요?,"블루링크 고객센터에서 가입자 정보를 변경하실 수 있습니다.



블루링크 고객센터 080-600-6000
서비스 가입/해지/변경 등 (안전 보안 서비스 24시간 제공)
평일 08:30 ~ 18:00 (주말/공휴일 휴무)"
현대,블루링크,일반,[가입] 차량 계약자와 실 사용자가 다를 경우 실 사용자 명의로 블루링크를 가입할 수 있나요?,"본인 명의 차량이 아닌 경우 마이현대 앱으로 가입하실 수 있습니다.
차량 계약자가 아닌 실 사용자 명의로 블루링크 가입을 희망하실 경우 실 사용자 명의로 마이현대 앱에 로그인하여 가입 진행해주세요.
자세한 가입 안내는 아래 페이지를 참고해주세요.


블루링크 서비스 가입 안내 ▶바로가기"
현대,블루링크,일반,[서비스] SOS 서비스로 긴급출동을 요청했을 경우 제공받을수 있는 서비스는 어떤것이 있나요?,"문잠김 해제, 긴급 주유(휘발유 3L, 경유 3L 이내), 예비타이어 교체, 배터리 충전, 견인, 구난 서비스를 제공 받으실 수 있습니다.
단, 일부 서비스는 고객이 요금을 추가로 부담하셔야 합니다. 견인의 경우 10km 까지는 무료로 제공되나 초과시 별도 요금이 부과됩니다.
구난의 경우, 출동한 견인차로 30분이내의 거리면 무상이며, 30분 초과시는 별도의 요금이 부과 됩니다.
또한 별도의 구난차량이 필요하거나 작업 난이도에 따라 별도의 요금이 부과되며, 발생한 별도 요금은 출동한 업체에 직접 지급하시면 됩니다."
현대,블루링크,일반,[서비스] 도난 경보 알림 서비스는 어떻게 이용하나요?,"도난 경보 알림 서비스는 차량의 도난 경보가 작동하게 되면 블루링크 센터로 신호가 자동으로 접수되어, 고객 휴대폰으로 긴급상황임을 알리는 문자 메시지를 전송해 드리는 서비스입니다. 단, 시동을 끈 후 48시간이 경과되면 도난 경보 알림 서비스가 제공되지 않습니다.
차량을 도난 당했을 경우에는 블루링크 고객센터로 도난 추적 서비스를 요청하시면 됩니다.


블루링크 고객센터 080-600-6000
서비스 가입/해지/변경 등 (안전 보안 서비스 24시간 제공)
평일 08:30 ~ 18:00 (주말/공휴일 휴무)"
현대,블루링크,일반,[서비스] 도난 추적 서비스 요청은 어떻게 해야 하나요?,"도난추적 서비스는 블루링크 고객센터에 요청하시면 됩니다. 단, 위치 정보 제공을 위해서는 반드시 경찰관서에 도난 신고를 하셔야만 합니다.
사전에 도난 신고가 접수되지 않은 경우에는 고객과 경찰서, 블루링크 고객센터 3자간 통화를 통해 고객님이 직접 도난 신고를 하실 수 있도록 도와 드립니다.


블루링크 고객센터 080-600-6000
서비스 가입/해지/변경 등 (안전 보안 서비스 24시간 제공)
평일 08:30 ~ 18:00 (주말/공휴일 휴무)"
현대,블루링크,일반,[서비스] 에어백 전개 자동통보 서비스는 어떻게 이용하나요?,"에어백 전개 자동통보 서비스는 고객님 차량의 에어백이 전개되면 블루링크 고객센터로 사고가 자동 접수되어 상담원이 고객님의 차량으로 사고 상황을 알아보기 위해 전화 드립니다.
고객님은 침착하게 사고 상황만 말씀해 주시면 119 및 보험사 등에 출동요청을 해 드리며, 만약 차량 탑승자의 부상 정도가 심해 사고 상황을 설명할 수 없는 경우에는 자동으로 긴급 출동을 요청하게 됩니다."
현대,블루링크,일반,[서비스] 블루링크 단말기는 어디에서 판매 하나요?,"블루링크 단말기는 차량 일체형으로 신규 차량구매시 옵션으로 구매하실 수 있으며, 단말기 만을 구입하여 기존에 보유하고 계신 차량에 별도로 장착 하실 수는 없습니다."
현대,블루링크,일반,[앱] 마이현대 앱은 어떻게 사용하나요?,"마이현대 앱 설치 및 로그인 등 자세한 이용 안내는 아래 페이지를 참고해주세요.


마이현대 앱 이용 안내 ▶바로가기"
현대,블루링크,일반,[앱] 마이현대 앱에 여러 대의 차량을 등록할 수 있나요?,"마이현대 앱 차량 등록 안내는 아래 페이지를 참고해주세요.



마이현대 앱 차량 등록 안내 ▶바로가기"
현대,블루링크,일반,"[서비스] 자동차전용도로(올림픽도로, 강변북로 등)에서 휘발유가 떨어진 경우에도 긴급 주유 서비스가 제공되나요?","고속도로 및 자동차 전용도로에서 배터리충전, 타이어교체, 긴급주유, 문잠김해제 서비스 등을 요청하신 경우에는 안전을 위해 현장 조치가 아닌 긴급 견인 서비스가 제공 됩니다."
현대,블루링크,일반,[서비스] 긴급 견인 출동 요원이 견인을 하면서 특수 장비가 필요한 경우 추가 비용이 드나요?,"도로를 이탈하거나 장애물 등으로 인해 자력 주행이 불가능하여 구난을 필요로 할 경우 긴급구난 서비스가 제공됩니다.
그러나 이 경우 별도의 구난장비 없이 견인차(렉카)로 구난이 가능한 경우에 한하며, 별도의 구난장비가 필요하거나 작업 난이도에 따라 추가비용을 지급하여야 합니다.
또한 구난작업 30분 초과시(현장도착에서 완료까지의 시간) 별도의 비용을 부담 하여야 합니다."
현대,블루링크,일반,"[서비스] 도난 추적 서비스 요청을 했는데, 추적이 불가능한 경우가 있나요?","도난 추적 서비스는 차량의 전류 공급 안정성을 위해 시동이 꺼진 후 아래의 시간 동안 지원 가능합니다.
따라서 시동이 꺼진 후 아래 시간 이상 경과하여 이후에 도난 차량의 재시동이 되지 않는 경우에는 차량의 위치추적이 불가능할 수 있습니다.


- 블루링크 1.0 차량 : 시동이 꺼진 시점으로부터 48시간(2015년 4차 정기 업데이트 시 96시간)
- 블루링크 2.0 및 3.0 차량 : 시동이 꺼진 시점으로부터 96시간
- 10.25인치 이상의 내비게이션 장착 차량 : 시동이 꺼진 시점으로부터 168시간
- ccNC 장착 차량 : 시동이 꺼진 시점으로부터 336시간


- 과거 위치 정보 : 위치 정보 수집 시점으로부터 2주 이내"
현대,블루링크,일반,[앱] 다른 사람에게 블루링크 가입 차량을 공유할 수 있나요?,"마이현대 앱에서 블루링크 가입 차량 공유가 가능합니다. 자세한 공유 안내는 아래 페이지를 참고해주세요.



마이현대 앱 차량 공유 안내 ▶바로가기"
현대,블루링크,일반,[서비스] 차량진단 관리 서비스는 어떻게 이용하나요?,"차량진단 서비스는 차량의 계기판에 엔진/미션, ABS/EPS 관련 경고등이 점등된 경우 [차량진단] 버튼을 선택하시면 됩니다.
차량진단 관리 서비스 이용시 블루링크센터 상담원과 연결되어 상담원을 통해 진단 결과를 안내 받고 견인 및 정비소 안내 등 후속 조치를 지원 받으실 수 있습니다."
현대,Pleos 계정,일반,현대자동차 통합계정에 가입한 이메일을 인증 할 수가 없습니다. 그럼 전환 할 수 없나요?,"Pleos 계정으로의 전환 과정 중 기존 이메일 인증이 되지 않은 현대자동차 통합계정 사용자에게는 이메일 인증 절차가 노출됩니다. 
절차에 따라 이메일 인증하시면 계속해서 계정 전환을 진행할 수 있습니다."
현대,Pleos 계정,일반,계정 전환하려는데 탈퇴신청 중이어서 전환할 수 없다고 나옵니다. 어떻게 해야하나요?,"Pleos 계정 탈퇴 신청 상태로 전환을 계속 진행할 수 없는 상태여서 확인하신 메세지 입니다. 이 때에는 아래 두가지 방법으로 진행하실 수 있습니다.


1. 탈퇴를 취소하고 계속 해당 계정을 이용하고 싶은 경우: 직접 로그인 한 뒤 탈퇴 신청을 취소하고 계속해서 전환을 진행하시면 됩니다.
2. Pleos 계정은 탈퇴하고, 이용 중인 통합계정으로 계속 전환하고 싶은 경우: Pleos 계정 고객센터에 연락해 즉시 삭제 요청하여 계정을 삭제하신 뒤 현대자동차 통합계정을 Pleos 계정으로 전환 진행하시면 됩니다."
현대,Pleos 계정,일반,Pleos 계정 가입은 어디서 하나요?,"Pleos 계정은 Pleos 계정 만들기 화면을 통해 가입할 수 있습니다. 


[Pleos 계정 만들기]
방법1. 통합계정 로그인 화면 맨 하단 'Pleos 계정 만들기' 버튼 클릭 
방법2. 통합계정 로그인 화면 내 'Pleos 계정 로그인' 버튼 클릭 > Pleos 계정 로그인 화면 > 'Pleos 계정 만들기' 버튼 클릭"
현대,Pleos 계정,일반,Pleos 계정 아이디 찾기는 어떻게 하나요?,"Pleos 계정 이메일은 아래 위치에서 확인하실 수 있습니다.


[Pleos 계정 만들기]
통합계정 로그인 화면 내 'Pleos 계정 로그인' 버튼 클릭 > Pleos 계정 로그인 화면 > '이메일 찾기' 메뉴"
현대,Pleos 계정,일반,통합계정  비밀번호 찾기를 했는데 이미 Pleos 계정이 있다고 나와요.,"현대자동차 통합 계정 로그인을 위해 비밀번호 찾기를 했지만 'Pleos 계정 사용자'라고 안내 받으셨다면, Pleos 계정으로 전환된 계정입니다.
현대자동차 통합 계정에서 Pleos 계정으로 전환한 계정은 Pleos 계정 로그인 화면에서 로그인해 주셔야 합니다. 가입된 이메일이 기억나지 않는다면 Pleos 계정 이메일찾기로 확인하세요.


[Pleos 계정 로그인]
통합계정 로그인 화면 내 'Pleos 계정 로그인' 버튼 클릭 > Pleos 계정 로그인 화면


[Pleos 계정 이메일 찾기]
통합계정 로그인 화면 내 'Pleos 계정 로그인' 버튼 클릭 > Pleos 계정 로그인 화면 > '이메일 찾기' 메뉴"
현대,Pleos 계정,일반,현대자동차 통합 계정 신규 가입은 할 수 없나요?,"Pleos 계정 오픈 후 신규 계정 생성은 Pleos 계정으로만 가능하며, 기존 현대자동차 통합 계정은 할 수 없습니다. 
다만, 기존에 이용중인 현대자동차 통합 계정은 동일하게 이용하실 수 있습니다. 


[Pleos 계정 로그인]
통합 계정 로그인 화면 내 'Pleos 계정 로그인' 버튼 클릭 > Pleos 계정 로그인 화면으로 이동 후 로그인 가능


[Pleos 계정 만들기]
통합 계정 로그인 화면 내 'Pleos 계정 로그인' 버튼 클릭 > Pleos 계정 로그인 화면으로 이동  > 'Pleos 계정 만들기' 버튼 클릭"
현대,Pleos 계정,일반,Pleos 계정으로 서비스 로그인 시  현대자동차 통합계정이 있어서 전환하라는 안내가 노출 됩니다. 전환하면 기존 계정은 쓸 수 없게 되나요?,"현대자동차 통합계정을 보유한 사용자가 Pleos 계정 가입 후 현대자동차 서비스 이용 시  '현대자동차 통합 계정 전환 안내' 화면으로 연결됩니다. 
현대자동차 통합계정을 보유한 경우에는 반드시 전환을 하셔야 현대자동차 이용이 가능합니다. 
전환 시 유의 사항을 꼼꼼히 확인하신 후 전환해 주세요."
현대,Pleos 계정,일반,Pleos 계정에 가입을 했는데 로그인 시 아이디/비밀번호가 틀리다고 나오고 아이디 찾기를 해도 가입된 계정이 없다고 나옵니다.,"Pleos 계정으로 가입한 계정이나 아이디 찾기 시 가입된 계정이 없다고 나온다면 혹시 Pleos 계정 로그인 화면이 아닌 현대자동차 통합 계정 로그인 화면에서 로그인 시도하신 것은 아닌지 확인해 주세요. 


현대자동차 서비스는 2025년 10월29일부터 신규 계정 가입은 Pleos 계정으로만 가능하며, 해당 일자이후에 신규 가입한 Pleos 계정 로그인은 Pleos 계정 로그인 화면에서 해주셔야 합니다. 
다만 기존 가입자들은 여전히 현대자동차 통합 계정을 이용하고 있으므로 두 가지 형태의 로그인 화면이 존재하고 있어 헷갈리실 수 있습니다. 


로그인 화면에서 [Pleos 계정 로그인] 버튼이 보인다면 현대자동차 통합 계정 로그인 화면인 것이므로 [Pleos 계정 로그인] 버튼을 선택 후 Pleos 계정 로그인 화면으로 이동하셔서 다시 로그인을 시도해 주세요."
현대,Pleos 계정,일반,Pleos 계정 비밀번호 재설정은 어떻게 하나요?,"Pleos 계정 비밀번호 재설정은 아래 위치에서 확인하실 수 있습니다.


[Pleos 계정 비밀번호 재설정]
통합계정 로그인 화면 내 'Pleos 계정 로그인' 버튼 클릭 > Pleos 계정 로그인 화면 > '비밀번호 재설정' 메뉴"
현대,Pleos 계정,일반,계정전환은 어떻게 하나요?,"Pleos 계정 가입 후 현대자동차 서비스 이용 시 현대자동차 통합계정을 보유한 경우에는 '통합 계정 전환 안내' 화면으로 연결됩니다.
전환 시 유의 사항을 꼼꼼히 확인하신 후 전환해 주세요."
현대,Pleos 계정,일반,현대자동차 통합계정과 같은 이메일 주소로만 전환할 수 있나요?,"Pleos 계정으로 현대자동차서비스 이용 시 기존 현대자동차 통합 계정이 이미 있는 경우 현대자동차 통합 계정을 Pleos 계정으로 전환하셔야 이용이 가능합니다. 
이미 보유하신  현대자동차 통합 계정과 이메일 주소가 달라도 사용자 본인의 계정이라면 전환할 수 있습니다.
전환 시 유의 사항을 꼼꼼히 확인하신 후 전환해 주세요."
현대,Pleos 계정,일반,Pleos 계정으로 서비스 로그인 시  현대자동차 통합 휴면 계정이 이용할 수 없다고 나옵니다.,"Pleos 계정으로 현대, 기아, 제네시스 서비스 이용 시 휴면 상태의 통합 계정이 있다고 안내 화면을 보셨다면 다음과 같이 휴면 계정 해제 후 이용하실 수 있습니다. 


1. 휴면 계정을 계속 사용하고 싶으신 경우 
- 현대자동차 통합 계정 로그인 화면에서 휴면 처리된 계정으로 로그인 시도를 해주세요. 
- 아이디/비밀번호가 정확히 입력되었다면 휴면 계정임을 확인하고 본인인증 후 해제하실 수 있습니다. 
- 휴면 해제된 통합 계정으로 서비스를 이용해 주세요. 


2. Pleos 계정을 사용하고 싶으신 경우 
- 현대자동차 통합 계정 로그인 화면에서 휴면 처리된 계정으로 로그인 시도를 해주세요. 
- 아이디/비밀번호가 정확히 입력되었다면 휴면 계정임을 확인하고 본인인증 후 해제하실 수 있습니다. 
- Pleos 계정으로 다시 로그인 후 서비스를 이용하시면 전환 안내 화면을 통해 즉시 이용하실 수 있습니다."
현대,Pleos 계정,일반,현대자동차 서비스 이용을 위해 Pleos 계정으로 로그인했는데 개인정보 제공 동의가 나타납니다.,"Pleos 계정은 현대자동차그룹의 글로벌 원 아이디로 현대자동차그룹이 제공하는 디지털 서비스를 하나의 계정으로 이용하실 수 있는 통합 계정 서비스입니다.
따라서, 현대자동차 서비스 이용을 위해서는 현대자동차로의 개인정보 제공에 동의해 주셔야 서비스 이용이 가능합니다."
현대,Pleos 계정,일반,Pleos 계정으로 서비스 로그인 시  현대자동차 통합계정이 있어 서비스를 이용할수 없다고 나옵니다.,"Pleos 계정으로 현대, 기아, 제네시스 서비스 이용 시 통합 계정이 있어 서비스를 이용할 수 없다면서 고객센터로 문의하라고 안내 받으셨나요?
이 경우는 고객님이 로그인하신 Pleos 계정의 이메일을 다른 사람이 이미 현대, 기아, 제네시스 서비스에서 사용중인 경우 나타나는 안내 화면입니다. 


대부분 가족에게 현대, 기아, 제네시스 계정을 생성 시 고객님의 이메일로 만든 경우로 확인됩니다. 
고객님의 이메일로 부모님, 배우자, 자녀에게 계정을 만들어 주신 경우는 없는지 확인해 주세요. 
만약 가족에게 고객님의 메일로 현대, 기아, 제네시스 계정을 사용중인 경우가 없다면 번거로우시더라도 접속하신 서비스 고객센터로 문의해 주세요.


- 현대 고객센터 : 080-600-6000
- 기아 고객센터 : 080-200-2000
- 제네시스 고객센터 : 080-700-6000"
현대,Pleos 계정,일반,통합계정 아이디 찾기를 했는데 이미 Pleos 계정이 있다고 나와요.,"현대자동차 통합 계정 로그인을 위해 아이디 찾기를 했지만 'Pleos 계정 사용자'라고 안내 받으셨다면, Pleos 계정으로 전환된 계정입니다.
현대자동차 통합 계정에서 Pleos 계정으로 전환한 계정은 Pleos 계정 로그인 화면에서 로그인해 주셔야 합니다. 


[Pleos 계정 로그인]
통합계정 로그인 화면 내 'Pleos 계정 로그인' 버튼 클릭 > Pleos 계정 로그인 화면


[Pleos 계정 이메일 찾기]
통합계정 로그인 화면 내 'Pleos 계정 로그인' 버튼 클릭 > Pleos 계정 로그인 화면 > '이메일 찾기' 메뉴"
현대,Pleos 계정,일반,통합계정에 로그인하려는데 Pleos로 전환된 계정이라고 나와요.,"현대자동차 통합 계정 로그인 시  'Pleos 계정 사용자'라고 안내 받으셨다면, Pleos 계정으로 전환된 계정입니다.
현대자동차 통합 계정에서 Pleos 계정으로 전환한 계정은 Pleos 계정 로그인 화면에서 로그인해 주셔야 합니다. Pleos 계정 로그인 화면으로 이동 후 로그인을 다시 시도해 주세요.


[Pleos 계정 로그인]
통합계정 로그인 화면 내 'Pleos 계정 로그인' 버튼 클릭 > Pleos 계정 로그인 화면"
현대,Pleos 계정,일반,"현대 앱/웹 서비스에서 계정 탈퇴를 신청하는데 제네시스, 기아 가입 서비스 내역은 왜 나오나요?","Pleos 계정 탈퇴 시 현대자동차그룹의  타 브랜드 서비스 가입 내역을 확인하셨군요.


Pleos 계정은 현대자동차그룹의 글로벌 원 아이디 서비스입니다.
하나의 계정으로 현대, 기아, 제네시스 디지털 서비스를 모두 이용할 수 있으므로 계정 탈퇴 시 특정 브랜드에 국한되지 않은 현재 이용 중인 서비스를 모두 확인할 수 있도록 제공하고 있습니다. 
가입 중인 모든 서비스를 한 눈에 확인하시고 Pleos 계정 탈퇴 여부를 신중하게 선택해주세요."
현대,시승,일반,'Semi-Untact 시승'과 '동승 시승' 은 정확히 어떤 개념일까요?,'Semi-Untact 시승'은 시승 예약 당사자가 드라이빙라운지에 방문하여 차량키 수령 후 예약하신 고객이 직접 운전하시는 것을 말합니다 (동행분도 같이 탑승 가능합니다). '동승 시승'은 카마스터(현대자동차 영업 사원)가 함께 탑승해 (운전을 대신하지 않습니다) 차량 설명과 상담을 병행하는 방식입니다.
현대,시승,일반,시승 후 간단하게 상담을 받아볼 수 있나요?,"네, 시승하면서 상담을 원하시는 경우 '동승 시승' 신청 부탁드리며, Semi-Untact 시승도 시승 전후에 미리 말씀주시면 현장 상담 혹은 추후 카마스터(영업 사원)가 연락드릴 수 있도록 도와드립니다."
현대,시승,일반,인터넷 시승 예약 후 카카오톡으로 발송되는 '셀프 체크인' 은 무엇인지요?,"셀프 체크인은 시승 예약 완료 후에 모바일로 사전에 ①시승 예약 동의서 작성 ②자동차운전면허 확인 ③본인인증 과정을 진행하는 기능입니다. 
드라이빙라운지에 방문 전에 모든 과정을 진행하시면, 시승 당일 실물 키를 수령하셔서 바로 시승이 가능한 장점이 있습니다."
현대,시승,일반,현대 드라이빙 라운지에서는 시승차 여러 대를 비교 시승할 수 있나요?,"네, 가능합니다. 다만, 차종별 예약 가능 여부와 운영 상황에 따라 달라질 수 있습니다. 
비교 시승을 원하는 차종이 있으시다면 드라이빙라운지에 사전 문의 부탁드립니다."
현대,시승,일반,시승 차량을 운전하지 않고 보기만 해도 되나요?,"시승 차량은 전시 목적이 아닌 시승 목적이기 때문에 시승 고객에게만 제공되는 점 양해 부탁드립니다. 
차량 확인만 원하실 경우에는 가까운 현대자동차 지점, 대리점에서 원하시는 차량의 전시차로 확인이 가능하십니다."
현대,시승,일반,시승은 몇 번까지 할 수 있나요?,캐스퍼 스튜디오 및 드라이빙라운지 기준으로 합해서 연 6회 시승 가능합니다.
현대,시승,일반,시승하는 시간은 얼마나 되나요?,"시승 시간은 기본 1시간(차량 인수인계 포함)이며, 일부 시간대는 1시간 30분이 제공됩니다. 다음 고객의 원활한 이용을 위해 교통 상황 고려하여 종료 시간 이전에 차량 반납 부탁드립니다."
현대,시승,일반,방문한 드라이빙라운지에서 보유하지 않은 다른 시승차종은 어디에서 시승 가능한지 확인이 가능할까요?,"시승신청 웹페이지 '시승모델' 선택 화면에서 원하시는 모델을 다시 선택하신 후 시승장소를 검색하시면, 해당 모델을 찾아보실 수 있습니다. 상황에 따라 해당 모델을 고객님이 거주하시는 가까운 드라이빙라운지에서 보유하지 않을 경우가 있으니 양해 부탁드립니다."
현대,시승,일반,"시승차 트렁크나 뒷자리에 짐, 물건 등을 실어봐도 되나요?","차량 적재 공간을 체험하기 위한 용도로 개인 물품을 적재해 보실 수 있습니다. 
다만, 자전거 등 차량이나 내장재가 훼손될 수 있는 물품은 불가합니다."
현대,시승,일반,시승차 여러 대를 비교 시승할 수 있나요?,"가능하지만, 차종별 예약 가능 여부와 운영 상황에 따라 달라질 수 있습니다. 
원하는 차종이 있으시다면 드라이빙라운지에 사전 문의 부탁드립니다."
현대,시승,일반,시승 중에 교통사고가 나거나 주행단속 등에 걸리면 어떻게 되나요?,"사고 발생 시에는 즉시 안전을 확보한 후 드라이빙라운지 또는 안내받은 비상 연락처로 연락해 주세요. 사고 시, 자차부담금 최대 50만원 발생됩니다. (대인/대물은 별도로 발생될 수 있습니다)
교통법규 위반에 따른 범칙금 및 과태료는 실제 운전자에게 부과됩니다."
현대,시승,일반,고속도로 주행이 가능한가요?,"안전한 주행을 위해 시승 차량은 고속도로 이용이 제한되며, 별도 하이패스카드가 제공되지 않습니다. 일반도로 및 추천 코스를 중심으로 시승을 부탁드립니다."
현대,시승,일반,아이도 같이 탈 수 있나요?,"네, 차량 탑승 정원 범위 내에서 아이와 함께 탑승하실 수 있습니다. 다만, 만 6세 미만의 영유아의 경우, 도로교통법상 카시트 착용이 의무입니다.
개인 카시트 지참 부탁드립니다."
현대,시승,일반,예약된 시승 시간보다 출발이나 반납이 늦어지면 어떻게 되나요?,"예약 시간보다 늦게 도착하실 경우 시승 가능 시간이 줄어들 수 있습니다. 
또한 반납이 지연되면 다음 예약 고객 이용에 영향을 줄 수 있고, 추후 드라이빙라운지 이용에 제약이 생길 수 있으니 반드시 예약된 시간 내 반납을 부탁드립니다."
현대,시승,일반,시승하는 주행 코스는 꼭 드라이빙라운지에서 추천하는 코스로만 운행해야 하나요?,"추천 코스는 차량 특성과 주행 환경을 고려해 마련된 코스입니다. 
가급적 시승 코스 이용 권장드리오나, 시승 가능 시간 내 반납이 가능하고 고속도로를 제외한 범위에서는 자유롭게 주행 가능합니다."
현대,시승,일반,시승하는 차량에 대한 설명을 받을 수 있나요?,"시동걸기/기어조작 등 기본적인 차량 조작법은 안내 가능하오나, 차량의 상세한 트림/가격/옵션 등 구체적인 설명을 원하시는 경우 
'동승 시승'(영업사원이 조수석에 탑승하여 설명을 동반)을 신청하시거나 시승 종료 후 상담 신청을 해주세요."
현대,시승,일반,"배우자, 가족 등 다른 사람도 같이 탈 수 있나요?","네, 차량별 인승 기준에 맞춰 조수석, 뒷자리에 탑승하시는 것은 가능합니다.
다만, 예약 당사자 외 다른 분도 운전을 하시려면 시승 출발 전에 시승동의서 작성 및 면허증 확인 절차를 추가로 받으셔야 합니다. (만 21세 미만은 운전 불가 합니다.)"
현대,시승,일반,고객이 예약한 시승차 운전은 누가 하는 것일까요?,"모든 시승은 예약하신 고객님께서 직접 운전하십니다. 카마스터(현대자동차 영업 사원)와 함께 하는 '동승 시승'의 경우도, 운전 서비스를 제공하지 않는 점 양해 부탁드립니다."
현대,시승,일반,서울 외에 다른 지역에도 드라이빙라운지가 있나요?,"네, 현대자동차 드라이빙라운지는 서울·경기부터 강원, 충청, 영남, 호남, 제주까지 전국 27개 지역에서 운영되고 있습니다. 
가까운 드라이빙라운지와 시승 가능한 차량은 현대닷컴 홈페이지의 시승 신청 화면에서 편리하게 확인하실 수 있습니다."
현대,빌트인캠,일반,업데이트 할 때 에러가 발생합니다. 어떻게 해야 하나요?,"① 다운로드한 파일을 확인해 주세요.		
- 다운로드 시 파일명은 변경하지 말아주세요.	
- 다운로드 시 파일 열기 또는 압축해제 하지 마시고, 그대로 USB 메모리에 저장해 주세요.	
- 차종을 맞게 선택하셨는지 다시 한번 확인해 주세요. (동일 차종 내 동력계통별, 연식별 파일 상이)	


② USB 연결 단자를 확인해 주세요.		
- 빌트인 캠 전용 단자는 멀티미디어 USB단자와 다르게 글로브 박스 또는 콘솔 박스 내부에 위치해 있습니다. (차종별 상이)"
현대,빌트인캠,일반,스마트폰 USB 케이블 연결이 잘 안됩니다. 어떻게 해야 하나요?,"① 빌트인 캠 SW 버전을 확인하시고 최신 SW로 업그레이드해 주세요.	
- 최신 SW 버전이 아닌 경우, 스마트폰 연결시 오류가 발생할 수 있습니다.
※ 최신 SW 여부 확인 방법 : 인포테인먼트 시스템의 빌트인 캠 화면에서 '빌트인 캠 설정>빌트인 캠 소프트웨어 정보'를 선택하면 차량에 설치된 SW 정보를 확인할 수 있습니다.
최신 SW 버전 정보는 빌트인 캠 업데이트 홈페이지 공지사항을 확인하십시오.


② USB 케이블을 확인해 주세요.
- 데이터 통신이 가능한 USB 케이블 사용이 필요하며(충전용 케이블 사용 불가) 노후된 케이블 사용 시 연결이 되지 않을 수 있습니다."
현대,빌트인캠,일반,이벤트 알림을 설정했는데도 알림 메세지가 오지 않습니다. 어떻게 해야 하나요?,"① 이벤트 알림은 민감도 설정값이 3단계 이하인 경우만 제공하고 있습니다. 	
민감도 4단계 이상 설정한 경우에도, 이벤트 알림 여부와 상관없이 녹화기능은 작동하고 있으니, 걱정마세요.
※ 민감도 4,5단계 이벤트 알림 없는 이유 : 이벤트 알림은 주차 후 최대 5회까지 제공되며, 민감도를 높게 설정할 경우 정말 중요한 이벤트 알림을 받을 수 없어 민감도 보통 이하에서만 알림을 제공하고 있습니다.
※ 이벤트 알림 설정 방법 : 인포테인먼트 시스템의 빌트인 캠 화면에서 '빌트인 캠 설정>녹화>주차 중 이벤트 알림'을 선택하면 커넥티드 서비스 앱을 통해 알림을 받을 수 있습니다. 단, 커넥티드 서비스에 가입 후 앱에서도 알림을 받도록 설정하여야 합니다.


② 이벤트 알림은 불필요한 알림이 가지 않도록 차량 잠금(도난경보장치 경계 상태) 후 발생한 이벤트에 대해서만 알림을 보내고 있습니다. 녹화 기능은 작동하고 있으니, 걱정 마세요."
현대,빌트인캠,일반,녹화영상 관리 방법이 궁금합니다.,"주행 중 상시 영상은 최대 3시간, 주차 중 상시 영상은 최대 20시간, 주행/주차 중 충격감지 이벤트는 최대 40건, 수동 스위치 녹화는 최대 30건 까지 저장 가능합니다.	
저장공간 초과 시 가장 이른 녹화영상부터 자동 삭제되므로, 중요파일은 보관함[★]에 저장하시거나 사고 직후에도 차량 주행 필요 시 '주행중 녹화기능'을 꺼주세요.	
※ 주행 중 상시 / 주차 중 상시 / 주행 중 이벤트 / 주차 중 이벤트 영상은 독립적으로 분할 저장됩니다."
현대,빌트인캠,일반,USB메모리 저장버튼이 활성화가 안됩니다. 어떻게 해야 하나요?,"USB 연결 단자를 확인해 주세요. 정상적으로 연결 시 화면 상단에 USB 연결 아이콘이 표시됩니다.
빌트인 캠 전용 단자는 멀티미디어 USB단자와 다르게 글로브 박스 또는 콘솔 박스 내부에 위치해 있습니다. (차종별 상이)"
현대,현대 디지털 키,일반,디지털 키 App이 계속 자동으로 꺼지는데 어떻게 하나요?,"App이 자동으로 종료되는 현상은 크게 2가지로 나뉩니다. 각 경우에 해당하는 항목을 참고하세요.

1. 최신 버전 미지원: 현대 디지털 키 App이 최신 버전이 아닐 경우, 간혹 App이 종료될 수 있습니다. 이 경우 구글 플레이 스토어에서 App을 최신 버전으로 업데이트 하시면 정상 사용 가능합니다.

2. 보안 프로그램 충돌: 현대 디지털 키 App의 보안 솔루션 기능에서 Rooting이 탐지 될 경우 App이 자동으로 종료될 수 있습니다. 이 경우 스마트폰의 Root 권한을 사용하는 App을 삭제하시면 디지털 키 정상 사용 가능합니다.

■ 스마트폰의 Root 권한을 사용하는 App 확인 방법
구글 플레이 스토어 →“Root” 또는 “Superuser”로 검색 →해당 App 목록을 확인"
현대,현대 디지털 키,일반,"소유 차량 등록 확인은 어떻게 하나요?(중고차, 명의변경)","중고차 혹은 명의변경의 경우는 다음과 같은 절차로 차량 등록 가능합니다. (자동차 등록원부 상 ""대표 명의자""만 인증이 가능합니다.)

■ 디지털 키 APP 메뉴 [차량 인증] - [디지털 키 차량 등록 확인] - [팝업된 정보 입력]"
현대,현대 디지털 키,일반,공동명의 차량인데 차량 등록이 안되는데 어떻게 해야 하나요?,"현대 디지털 키 App은 '자동차 등록원부' 상 차량의 대표 명의자(1명)로 등재가 되어 있는 소유주 분만 인증이 가능합니다. 공동명의의 경우 역시 차량의 대표 명의자는 1명으로 대표 명의자가 키를 발급받고, 공동 명의자에게 키를 공유하는 방식으로 사용이 가능합니다.

■ 차량 대표 명의자 확인 방법
1) 인터넷 : 자동차 365(http://car365.go.kr)→ 자동차민원 대국민포털 → 등록원부발급(무료) → 차량 대표 명의자 확인"
현대,현대 디지털 키,일반,휴대폰 nfc기능이 인식이 안돼요. 어떻게 해야하나요?,금속 혹은 두꺼운 핸드폰 케이스를 사용하거나 무선 충전 패드 위에 금속류의 부착물을 장착한 경우에는 전파 간섭에 의해 현대 디지털 키 이용에 제한이 있을 수 있습니다. 이 경우 휴대폰 케이스 및 패드 부착물 제거하시면 nfc 정상 인식 및 동작 가능합니다.
현대,현대 디지털 키,일반,핀번호 잊은 경우에는 어떻게 하나요?,"홈페이지에서 마이페이지 상에 PIN 초기화 시, 탈퇴 없이도 본인인증을 하면 PIN을 새로 변경해 사용할 수 있습니다."
현대,현대 디지털 키,일반,"안드로이드 OS 버전, 블루투스 버전 확인 방법은 어떻게 되나요?","안드로이드 OS 보는 법, 블루투스 버전 확인은 스마트폰 제조사 홈페이지를 참고해 주시기 바랍니다."
현대,현대 디지털 키,일반,NFC 카드키 등록은 어떻게 하나요?,"NFC카드는 외부에서 구매가 가능해 발렛파킹 등에서 타인의 카드키를 쉽게 등록하는 것을 방지하기 위해 여러 인증 방법을 거쳐 등록이 가능합니다. NFC 카드 키 등록 방법은 다음과 같이 크게 2가지 절차로 구분됩니다.
1. NFC 카드 키 등록 인증
2. 차량 내 카드 키 등록

1. NFC 카드 키 등록 인증(3가지 방법 중 택일)
■ 블루투스 인증 방식
1) 현대 디지털 키 앱 에서 [카드 키 등록 인증] – [블루투스 인증] 선택
2) 인증 성공 메시지 확인 하고 5분 이내 [2. 차량 내 카드 키 등록] 절차 진행

■ NFC 인증 방식
1) 현대 디지털 키 앱에서 [카드 키 등록 인증] – [NFC 인증] 선택
2) 운전석/조수석 도어 손잡이에 디지털 키(스마트폰) 접촉하여 인증 수행
3) 인증 성공 메시지 확인 하고 5분 이내 [2. 차량 내 카드 키 등록] 절차 진행

■ 스마트 키 인증 방식(아이폰 사용자 포함 아반떼CN7, 쏘나타 DN8 20MY 및 이후 출시 차종에 한함)
1) 스마트 키 2개를 소지한 상태에서 차량에 탑승
2) [2. 차량 내 카드 키 등록] 절차 진행

2. 차량 내 카드 키 등록
1) 1개 이상의 스마트 FOB 키를 소지한 상태로 차량 탑승 합니다
2) 스마트폰 무선충전 패드에 카드 키를 거치합니다.
3) AVN 화면에서 '카드 키' > '등록' 버튼을 눌러 카드 키를 차량에 등록합니다."
현대,현대 디지털 키,일반,LG 핸드폰은 GPS ON 해야 디지털키 사용이 가능한가요?,LG 기종 뿐만 아니라 삼성 기종에서도 일부 제조사/통신사 전용 서비스(각종 페이 등) 사용성 때문에 GPS를 켜야 NFC와 블루투스가 동작하는 스마트폰이 있습니다. 일반적으로 GPS ON 상태를 권장합니다.
현대,현대 디지털 키,일반,법인 구매 고객은 주사용자 등록을 어떻게 하나요?,"법인 실운행 개인 고객 이용 가능합니다 (현대자동차 법인 페이지 통해 차량 등록 후 스마트폰에서 가능함)
상세 경로 : 현대자동차 홈페이지 법인 회원 가입 → 법인 로그인 → 법인 페이지 → (하단) 현대 디지털 키 주 사용자관리 → 주 사용자 등록/수정 → 개인 사용자 정보 입력 → 가입 안내 문자 발송 → 개인 스마트폰에서 등록 진행 하시면 됨 유선안내하고 문자로도 발송"
현대,현대 디지털 키,일반,데이터가 없거나 수신이 안되는 지역에서도 사용이 가능한가요?,"데이터가 없거나 수신이 안되는 지역에서 사용시 문자 나옴 (오프라인에서 15회 사용 가능, 단 사용자 고의로 데이터 차단한 경우는 사용 불가)
> 15회 사용하면 도어 오픈 불가할 수 있어 스마트키나 카드키 사용시 초기화되어 사용 가능
> 15회 카운트는 디지털 키를 사용하는 개별 행위의 카운트입니다. (예 도어오픈, 시동, 시동종료, 도어클로즈 사용하면 4회/15 사용임)
> 데이터가 연결되면 15회 카운트는 리셋됩니다. 다시 데이터 음영지역으로 들어가 사용하면 1회 카운트부터 적용됩니다."
현대,현대 디지털 키,일반,개인화 설정 방법은?,"1. 스마트폰 접촉 후 차량 문 열림 시 자동 조정 : 운전석 시트 (IMS 옵션)
2. 스마트폰으로 차량 시동 시 자동 조정 : HUD 위치 / 클러스터 세팅 / 드라이빙 모드 / AVN 설정 /아웃사이드 미러 등
* 디지털 키 NFC방식으로 (=스마트 폰키)도어 개폐 시, 시트 조정만 되고 디지털 키(=스마트 폰키)로 시동까지 걸어야 나머지 기능이 조정이 됨"
현대,현대 디지털 키,일반,아이폰에 있는 유심 뽑아서 안드로이드 공기계에 넣어서 등록 가능한가요?,"원칙적으로 안드로이드 공기계가 디지털 키 설치가 가능한 스펙이라면 USIM을 넣어서 App 설치 및 키 페어링이 가능합니다. 이상태에서 USIM을 제외해 데이터 통신을 하지 못하는 채로 키를 사용하려고 하면, 키 사용이 곧 정지됩니다.(데이터 통신 없이는 디지털 키 사용 불가) USIM을 지속적으로 아이폰/안드로이드폰에 교체해서 사용하는 경우는 당사에서 품질테스트하지 않은 비정상 사용행태이기 때문에 사용성을 보장하지 못하여 이 방법을 권장하지 않습니다."
현대,현대 디지털 키,일반,차량 등록 확인 시 업무 시간이 아니라는 메시지 팝업이 뜹니다.,"한국교통안전공단에서 운영하는 차량인증 서비스를 이용하기 때문에 해당 서버의 작동시간 외에는 정보 수신이 불가능합니다. 국가정보를 활용하는 방식이라 그쪽의 정책을 따를 수 밖에 없고, 정확한 이용 제한 시간을 당사에 사전 공지하지 않기 때문에 이용 장애 시 해당 메시지로 안내합니다."
현대,현대 디지털 키,일반,어플 삭제 후 재 설치 시 차량 정보 조회 오류가 발생합니다.,"어플 삭제 후 재설치 하는 경우는 크게 3가지로 나뉩니다. 각 경우에 해당하는 항목을 참고하세요.

1. 단순 재설치(스마트폰 기기 동일, 휴대폰 번호 동일): 앱 재설치 이후 로그인 및 본인인증을 하시면 디지털 키 정상 사용 가능합니다.

2. 기기 변경 후 재설치(스마트폰 기기 변경, 휴대폰 번호 동일): 앱 재설치 이후 로그인 및 본인인증을 하신 후 차량-휴대폰 간 페어링 절차를 진행하시면 디지털 키 정상 사용 가능합니다.

3. 기기, 번호 변경 후 재설치(스마트폰 기기 변경, 휴대폰 번호 변경): 앱 재설치 이후 로그인 및 본인인증을 하신 후 1) 발생하는 팝업창을 통한 휴대전화 변경 및 2) 차량-휴대폰 간 페어링 절차를 진행하시면 디지털 키 정상 사용 가능합니다.

※ 기기변경(2,3)을 하신 경우 다음과 같은 주의사항이 있으니 반드시 숙지하시기 바랍니다.
※ 주의사항
1) 디지털키 발급한 이력이 있는 경우 차량내 AVN에서 기존 디지털키 삭제를 먼저 진행해야 함.
2) 공유 사용자가 있는 경우 디지털키 새로 발급 후 다시 공유해 주어야 함."
현대,현대 디지털 키,일반,미지원 기종은 아예 앱스토어 '현대 디지털 키' 어플 검색 불가한가요?,"기본적으로 구글플레이에서 App을 검색할 때에는 OS 버전만 체크가 가능합니다. 미지원 스마트폰이더라도 안드로이드 OS 7.0이상의 스마트폰에서는 우선 검색 및 설치가 가능합니다. 단, App 구동 시 대상 스마트폰이 아니라는 메시지가 App에서 나오게 됩니다."
현대,현대 디지털 키,일반,홈페이지 지원기종 탭에 없지만 최신 기종 이라면 언제 업데이트 예정인가요?,"홈페이지에 기재 되어있지 않은 모델일지라도, 호환 리스트에 있는 기종보다 이후에 출시된 최신 기종이라면(안드로이드 OS 7.0 이상, 블루투스 버전 4.2 이상, TEE 지원(디지털 키 암호화 보안영역 지원))현대 디지털 키 이용이 가능합니다.

다만, 중국계 스마트폰(화웨이, 샤오미 등)및 구글전용 폰, 삼성 및 LG의 저가 라인 등은 신규 스마트폰이더라도 TEE 영역 미지원으로 설치 및 실행이 안될 수 있습니다. (App 설치 후 구동 시 대상 스마트폰이 아니라고 나옴)
홈페이지 호환 리스트에도 디지털 키를 이용 가능한 최신 기종에 대해 빠르게 업데이트 할 수 있도록 하겠습니다."
현대,기타,일반,모젠 서비스에 오류가 있을 때에는 어떻게 하나요?,"모젠고객센터(080-600-6000)로 문의 주시거나

1:1상담 문의에 올려주시면 신속하게 지원해 드리겠습니다."
현대,기타,일반,보증 수리기간이 어떻게 되나요?,"모젠 단말기의 보증수리 기간은 구입한 신차의 보증 내용 및 규약에 종속됩니다. 현대자동차의 보증수리 기간은 차종, 동력전달장치, 일반부품 등에 따라 차이가 있으며, 모젠 단말기는 일반부품의 보증기간에 따릅니다."
현대,기타,일반,ACC ON시에 바로 화면이 표시되지 않습니다.,"모젠 단말기는 ACC OFF시에 단말기의 전원을 바로 끄지 않고, 수 초 동안 상태를 확인 하고 종료합니다. 따라서 이 동안에 ACC OFF/ON을 반복하는 경우 단말의 전원종료 후 재가동이 지연되어 수초의 동작 지연 현상이 나타날 수 있습니다. 잠시만 기다리시면 됩니다."
현대,기타,일반,"사용도중 단말기가 갑자기 중지되거나, 버튼을 입력해도 말을 듣지 않습니다.","모젠은 차량용 컴퓨터로 개발되었으며, 각종 AV와 이동전화, 내비게이션 시스템과 텔레매틱스의 각 기능이 중앙처리장치(CPU)와 운영시스템(OS)에 의해서 운영되도록 개발되었습니다. 따라서, 작동 중에 소프트웨어의 충돌이 발생하거나 프로그램의 원할한 처리가 이루어지지 않는 경우, 아주 간헐적으로 단말기가 일시적으로 동작이 중지되는 경우가 발생할 수 있습니다. 이는 고장이나 단말기 시스템의 하자는 아니며, 리셋버튼을 누르시면 다시 이용하실 수 있습니다. 단말기 오른쪽 하단에 있는 리셋버튼을 누르시면 다시 작동이 가능합니다."
현대,기타,일반,단말기 모델 및 일련번호는 어디서 확인하나요?,단말기 `INFO` 버튼 → `환경 설정` 선택 → `단말기 정보` 선택
현대,기타,일반,"차안에서 음악을 듣는 데, 자꾸 길안내 방송이 나와서 신경을 쓰이게 합니다.",지도 화면 좌측 상단에 있는 `확성기` 모양의 아이콘을 선택하면 안내음이 나오지 않습니다. 다시 음성안내를 듣고자 하시면 아이콘을 다시 한번 선택하시면 됩니다.
현대,기타,일반,GPS 수신이 안됩니다. 어떻게 하나요?,"기본적으로 시동을 켠 후 약몇분동안 GPS인식되는 시간소요가 필요합니다. 그리고, GPS위성에서 발송하는 전파의 특성 상 고가 밑, 지하차도, 도심 건물 밀집 지역 등 GPS 수신 안테나가 가려지는 경우 수신 불량 상태가 발생 할 수 있습니다. 따라서 장애물이 없는 위치로 차량이 이동되면 GPS 수신 기능이 정상적으로 작동하게 됩니다. 만약 개활지 상태에서도 위성수신 상태가 불량하면 A/S망을 이용하여 GPS 수신 장치의 정비를 받으셔야 합니다."
현대,기타,일반,내비게이션의 지도 업그레이드는 어떻게 하나요?,"모젠 지도 업그레이드는 차량용 A/V 및 내비게이션 A/S를 담당하고 있는
현대 웰슨에서 수행하고 있습니다.

전국 현대자동차 23개 하이테크센터와 기아자동차 11개 직영서비스 센터에서
현대 웰슨 A/S요원이 상주 근무하고 있으며
전국 115개소의 현대 웰슨 협력점에서 지도 업그레이드가 가능합니다.

모젠고객센터 080-600-6000으로 전화주시면 지도 업그레이드 상담이 가능하며
업그레이드 가능한 가까운 서비스센터에 대한 안내를 받으실 수 있습니다."
현대,기타,일반,단말기만 별도로 충전을 해줘야 하나요?,"차량의 배터리와 연결되어 있으며, 별도의 충전은 필요없습니다."
현대,기타,일반,단말기의 벨소리를 다운로드 받을 수 있나요?,불가능 합니다. 단말기내에 이미 저장된 벨소리 중에서만 선택변경 하실 수 있습니다.
현대,기타,일반,단말기로 전화가 왔을때 전화를 받고 싶지 않다면 어떻게 해야하나요?,"전화 수신 화면에서 ""수신거부"" 버튼을 누르시면 됩니다."
현대,기타,일반,주행 중에는 단말기 조작이 안되나요?,"고객님의 안전 운행을 위해 시속 5km이상으로 주행 중에는 단말기 조작을 제한하고 있습니다.

상담원과 전화를 통해 서비스를 받는 경우가 아닌,
단말기 조작을 통해 서비스를 받기 위해서는 차를 잠시 정차한 이후에 사용하시길 바랍니다.

단, 조작 횟수가 간단한 경우에 한해서만 주행중에도 사용이 가능합니다.
예를 들어, MTS 255 단말기 기준으로 AV 조작 기능 (TV 화면은 안됨-음성만 가능),
모젠 버튼, PHONE에서 단축번호를 통한 전화연결, 내비 버튼의 현위치등록, INFO 버튼의 음성메모 및 청취기능 등은 가능합니다."
현대,기타,일반,단말기는 어디에서 판매 하나요?,"모젠 단말기는 차량 일체형으로 신규 차량구매시 옵션으로 구매하실 수 있으며, 단말기 만을 구입하여 기존에 보유하고 계신 차량에 별도로 장착 하실 수는 없습니다."
현대,기타,일반,지상파DMB 시청이 가능한 모젠 단말기의 수신지역은 어떻게 되나요?,"지상파 DMB 수신지역은 전국 7대 광역시를 포함하여 전국적으로 수신이 가능하나, 일부 음영지역에서는 수신이 되지 않습니다. 자세한 사항은 방송사에 문의주시길 바랍니다."
현대,기타,일반,월 중에 요금제를 변경하면 요금이 어떻게 청구되나요?,"모든 요금제는 변경일부터 `일할' 계산되어 청구됩니다. 요금제별 기본료, 통화요율 및 무료제공 혜택 등이 변경시점부터 적용되어 일할 계산이 됩니다."
현대,기타,일반,요금제 변경은 어떻게 하나요?,"세이브, 파워팩, 일반 요금제 이용 고객님의 경우 변경이 가능하며
모젠 서비스 가입 고객 본인이 모젠고객센터(080-600-6000 혹은 모젠 단말기 CS버튼)에 전화하여 신청하시면 됩니다.

단, 단말기별 전용 요금제인 스페셜 요금제와 프리미엄 요금제는 변경이 불가능합니다."
현대,기타,일반,요금 미납을 했을 경우 가산금은 몇%인가요?,요금 미납 시 가산금은 2%입니다. ※ 산정기준 : [기본료 + 국제통화료 + 국내통화료 + 모젠 서비스이용료 + 부가사용료 + 정보이용료]의 2%
현대,기타,일반,"혹시 길안내 서비스를 받으면, 길안내를 하는 동안 계속해서 이용 요금이 발생하는 것은 아닌가요?","길안내 서비스 이용시 길안내 정보를 수신할 때에만

데이터 요금과 비서서비스 및 ARS 음성정보 이용 음성 통화료이외에 길안내가 시행되는 동안에는 별도의 요금이 발생하지 않습니다.

단, 해당 서비스 이용을 위하여 별도의 부가 서비스 가입이 필요한

스페셜 요금제와 프리미엄 요금제는 월 정액 이용료 이외의 별도의 요금이 부과되지 않습니다."
현대,기타,일반,음성통화료와 데이터 요금은 무엇인가요?,"이동전화, 비서서비스, ARS음성정보서비스, SOS콜 이용시 음성통화료가 발생하며 이용 금액은 요금제에 따라 차이가 있습니다. 단, 해당 서비스 이용을 위해서 별도의 부가서비스 가입이 필요한 스페셜 요금제와 프리미엄 요금제는 이동전화 이용 이외의 별도의 음성통화료가 부과되지 않습니다. 길안내, 증권, 날씨 정보, 무선 인터넷 등을 이용하는 경우 별도의 데이터 요금이 부과되며 이용 금액은 요금제에 따라 차이가 있습니다. 단, 해당 서비스 이용을 위하여 별도의 부가서비스 가입이 필요한 스페셜 요금제와 프리미엄 요금제는 월 정액 이용료 이외의 별도의 데이터 요금이 부과되지 않습니다."
현대,기타,일반,모젠 요금제는 어떤 종류가 있나요?,"모젠 요금제는 `스페셜 요금제(MTS-W255/W260 단말기 전용)'와 `프리미엄 요금제 (DIS모젠(MTS-W450) 단말기 전용)' 등이 있습니다. 1. 스페셜 요금제 A. 대상 단말기 ? MTS-W255, W260 B. 대상 차종 ? 베라크루즈(2009년 7월 이후 출고), 싼타페(2009년 7월 이후 출고), 쏘나타(YF), 그랜저(2009년 2월 이후 출고 TG 그랜저 및 5G 그랜저) 스페셜 요금제는 기본서비스(안전보안, 차량관리 서비스)가 2년간 무료로 제공되며 서비스 가입 만 2년 경과 후부터 기본 서비스 이용료 월 7천 원이 부과됩니다. 유료부가서비스 이용을 위해서는 보이스 플러스 팩(이동전화/빠른길안내/비서서비스/ARS음성정보/개인정보 동기화 이용 가능, 월 기본료 9천 원, 이동전화 24원/10초, 비서서비스 500원/건 부과) 및 데이터 프리 팩(모젠 전용 무선인터넷 서비스 이용 가능, 월 정액 5천 원)에 가입하셔야 합니다. 중고차 가입 및 가입 후 명의변경시 기본 서비스 2년 무료 제공 혜택을 받으실 수 없습니다. 2. 프리미엄 요금제 A. 대상 단말기 ? DIS모젠(MTS-W450) B. 대상 차종 ? 제네시스, 에쿠스 프리미엄 요금제는 기본 서비스(안전보안, 차량관리, 개인정보동기화, ARS음성정보)가 2년간 무료로 제공됩니다. 서비스 가입 만 2년 경과 후부터 기본 서비스 이용료 월 9천 원이 부과됩니다. 유료부가서비스 이용을 위해서는 보이스 팩(이동전화 및 비서서비스, 월 기본료 4,000원, 음성통화료 24원/10초, 비서서비스 500원/건) 및 멀티미디어 팩(인포테인먼트 서비스, 월 이용료 10,000원)에 가입하셔야 합니다. 중고차 가입 및 가입 후 명의변경시에는 기본 서비스 2년 무료 제공 혜택을 받으실 수 없습니다. 단, 2008년 DIS 모젠(MTS 450) 가입고객은 기존대로 기본서비스가 1년간 무료로 제공됩니다. 3. 기타 요금제 기타 구형 모젠 단말기(MTS-150, 200, 250, 300)를 위한 `세이브, 파워팩, 일반' 요금제도 있습니다. A. 세이브 요금제 세이브 요금제는 월 기본료 12,000원에 비서서비스 이용시 건당 900원과 이동통신 이용료(음성통화(이동전화, 비서서비스, ARS음성정보, SOS 콜):28원/10초, 데이터 이용료:2원/0.5KB, 발신번호:1,000원/월)가 부과되며, 위험지역 DB업데이트시 건당 2,000원이 과금 됩니다. B. 파워팩 요금제 파워팩 요금제는 월 기본료 22,000원에 비서서비스 이용시 건당 500원과 이동통신 이용료(음성통화(이동전화, 비서서비스, ARS음성정보, SOS 콜):24원/10초, 데이터 이용료:2원/0.5KB(데이터 5,000원 한도 무료)가 부과되며, 발신번호 요금과 위험지역 DB 업데이트는 무료로 제공됩니다. C. 일반 요금제 일반 요금제는 월 기본료 28,000원에 비서 서비스 이용시 건당 300원(월5회 무료 제공)과 이동통신 이용료(음성통화:18원/10초, 데이터 이용료:2원/0.5KB, 발신번호:1,000원/월)가 부과되며, 위험지역 DB 업데이트는 무료로 제공됩니다."
현대,기타,일반,인증 비밀번호 변경은 어떻게 하나요?,"인증 비밀번호는 모젠 고객센터(080-600-6000 혹은 단말기 CS 버튼) 상담원을 통해 변경 가능합니다. 또한, 온라인에서도 고객님이 직접 변경하실 수 있습니다."
현대,기타,일반,서비스를 해지하려면 어떻게 해야 하나요?,"모젠 고객센터에서 해지 신청이 가능합니다. 상담원과 전화 통화를 통해 소정의 본인 확인 절차를 거친 후, 해지 신청서를 Fax로 접수해 주시면 됩니다."
현대,기타,일반,차량을 타인에게 양도할 때는 어떻게 해야 하나요?,차량을 타인에게 양도할 때에는 기존 계약을 반드시 해지하셔야 합니다. 차량 양수인이 서비스를 제공받기를 원하는 경우 현대/기아자동차의 지점/대리점에서 가입 신청을 하시면 서비스를 제공 받으실 수 있습니다. 차량을 양도하면서 기존 계약을 해지하지 않는 경우에는 기존 계약자에게 사용 여부와 상관없이 기본료 등 요금이 청구되므로 반드시 해지를 하시기 바랍니다.
현대,기타,일반,자동차를 바꿀 경우에는 어떻게 해야하나요?,"모젠을 옵션으로 선택한 신차를 구입하시는 경우에는 차량 계약시, 모젠 서비스 가입(대차 가입)을 신청하시고, 신차의 모젠 서비스를 개통하시기 전에 기존 계약을 해지하시면 기존에 사용하시던 번호를 계속해서 사용하실 수 있습니다. 모젠 단말기가 장착되지 않은 차를 구입하시는 경우에는 기존 서비스를 해지하시면 됩니다. 해지를 하지 않으시면 계속해서 요금이 부과될 수 있습니다."
현대,기타,일반,모젠 서비스 해지 시 필요한 서류는 무엇인가요?,"※ 해지 신청시 구비 서류 [개인] - 본인 : 신분증 - 대리인 : 전화로 고객 본인 의사 확인 가능 시 본인 및 대리인의 신분증/ 전화로 고객 본인 의사 확인 불가 시 대리인의 신분증, 위임자(인감날인), 인감증명서 - 개인사업자 : 본인(대표자)신분증, 사업자등록증 사본, 인감증명서, 직원의 신분증 혹은 재직 증명서 [법인] 사업자등록증 사본, 인감 증명서, 직원의 신분증 혹은 재직 증명서 ☞ 사망, 군입대, 해외체류 등의 경우 해당 사실을 입증하는 서류의 제출로 해지 처리가 가능합니다."
현대,기타,일반,모젠 서비스를 해지 후 단말기 사용은 전혀 불가능 한가요? 해지해도 사용할 수 있는 기능이 있나요?,"모젠 서비스 해지를 하는 경우에도 단말기 자체 기능인 길안내(교통정보 없음) 및 AV 기능 등은 이용할 수 있습니다. 그러나 해지를 하게 되면 이동전화 서비스 및 실시간 교통정보가 반영된 길안내, 교통정보 및 에어백 전개 자동통보, 도난 추적 등 안전보안 서비스를 포함한 모젠 서비스는 이용하실 수 없습니다."
현대,기타,일반,모젠단말기의 전화번호는 변경이 가능한가요?,"기존에 사용하시던 번호를 모젠 고객센터를 통해 원하시는 번호로 변경하실 수 있습니다. 다만, 번호변경을 하신 후에는 단말기에 전화번호 입력 과정을 거쳐야만 서비스를 이용할 수 있습니다. 자세한 사항은 모젠 고객센터 상담원에게 문의해 주시길 바랍니다."
현대,기타,일반,각종 변경 사항이나 문의는 어떻게 해야 하나요?,"각종 정보 변경이나 서비스 관련 문의 사항은 모젠 고객센터로 연락을 주시면 상담원이 처리해 드립니다. MTS-250,200 """"PHONE"""" 화면의 """"CS"""" 버튼을 누르시거나, 080-600-6000으로 연락하시면 됩니다. MTS-W255,W260 모젠버튼 화면의 오른쪽 하단 """"모젠센터( CS )"""" 버튼을 누르시거나 080-600-6000으로 연락하시면 됩니다. MTS-W350 모젠->전화->""""CS센터"""" 버튼을 누르시거나 080-600-6000으로 연락하시면 됩니다. MTS-W450,450 집중키 오른쪽의 모젠 화면에서 전화-> """"CS상담연결"""" 버튼을 누르시거나 080-600-6000으로 연락하시면 됩니다. MTS-300 모젠->전화화면안에 """"고객센터"""" 버튼을 누르시거나 080-600-6000으로 연락하시면 됩니다."
현대,기타,일반,"가입, 변경,해지 처리는 전화로 가능한가요?","○ 가입 : 모젠 서비스 가입은 현대자동차의 지점/대리점 방문을 원칙으로 하고 있습니다.
먼저 모젠 고객센터 혹은 차량을 구입한 카마스터와 상담을 하시기 바랍니다.

○ 개통(개통 요청) : 모젠 고객센터(080-600-6000)에 전화를 통해서만 가능합니다.

○ 해지 : 모젠고객센터에 전화 또는 팩스를 통해 처리 가능하며,
현대자동차 지점/대리점에서 해지 신청을 하는 경우에는 반드시 방문하셔야 합니다.

○ 변경 : 모젠고객센터에 전화를 통해 변경 처리가 가능하며,
지점/대리점을 방문하시거나 홈페이지 고객센터 메뉴에서도 가능합니다.
다만 필요시 관련 서류를 팩스 등을 통해 요청할 수도 있습니다."
현대,기타,일반,자동차를 인수 받는 즉시 바로 모젠 서비스를 이용할 수 있나요?,"모젠서비스를 이용하기 위해서는 개통 절차를 거쳐야 합니다. 지점/대리점을 통해 모젠 서비스 가입신청을 하시고, 차량을 등록을 마치시고 모젠 고객센터에 서비스 개통 요청을 하면 됩니다. 개통은 080-600-6000으로 전화를 하여 상담원에게 요청하시면 됩니다. 상담원은 개통을 위해 필요한 정보, 즉 단말기 모델명, 일련번호, 보험정보(보험사, 만기, 특약여부), 차량번호판 정보 등을 확인하고 개통하여 드립니다."
현대,기타,일반,서비스 개통시 반드시 정해진 이동통신 사업자번호를 받아야만 하나요? 다른 사업자번호로 개통할 수는 없나요?,"모젠 서비스는 단말기별로 제휴되어 이용하는 이동통신망이 다릅니다. MTS 200과 MTS 300 단말기는 LG U 플러스 MTS 250 ,W255,W260 W450 W350 은 KT와 이동통신망을 이용하도록 제휴가 되어 있습니다. 따라서 단말기별로 제휴되어 있는 이동통신사 외에 다른 사업자의 이동통신망을 이용하는 것은 불가능합니다."
현대,기타,일반,이동통신 대리점에서도 서비스 가입을 할 수 있나요?,"모젠 서비스는 현대 자동차에서 제공하는 서비스로 이동통신사 대리점을 통해서는 서비스 가입이나 해지, 변경 등의 서비스를 제공하지 않습니다. 모젠고객센터로 문의해 주시기 바랍니다."
현대,기타,일반,모젠 서비스에 가입하려면 어떻게 해야 하나요?,"모젠 서비스 가입을 위해서는 차량을 구입할 때 모젠을 옵션으로 선택하시고, 차량 계약시 모젠 서비스 가입 신청서를 작성해 주셔야 합니다. 기존에 모젠 단말기가 장착된 중고차를 인수 한 후 모젠 서비스를 이용하시려면 가까운 현대자동차 지점 또는 대리점에 자동차등록증과 자동차보험증서 그리고 신분증을 지참하시고 방문하시어 서비스 가입 요청을 하시면 됩니다."
현대,기타,일반,현재 쓰고 있는 핸드폰 번호를 단말기 전화번호와 동일한 번호로 사용할 수 있나요?,"불가능 합니다. 모젠 서비스를 이용하기 위해서는 모젠단말기를 옵션으로 선택하셔야 하며, 통신망을 제공하는 이동전화회사의 별도 이동전화 번호를 신규로 부여받으셔야 합니다. 차안에 별도의 이동전화 기능이 포함된 단말기를 장착하는 것이기 때문에 기존 이동전화번호와 동일하게 이용할 수 없습니다."
현대,기타,일반,현대자동차에서 판매하는 모든 차종에 모젠 단말기 장착이 가능한가요?,현대자동차에서 판매하는 모든 차량에 장착이 가능하지는 않습니다. 차종별로 적용 가능한 단말기가 상이합니다
현대,기타,일반,텔레매틱스가 무엇 인가요?,"텔레매틱스란 통신(Telecommunication)과 정보과학(Infomatics)의 합성어로서, 자동차내에 장착되어있는 통신단말기를 통해, 자동차에서 발생하는 각종 현상을 분석하고, 운전에 필요한 다양한 정보를 수집하여, 보다 편리하고 안전한 운전을 할 수 있도록 갖추어진 시스템을 말합니다. 텔레매틱스 서비스를 받기 위해서는 GPS(Global Positioning System, 위치측정시스템)와 이동통신 기능이 가능한 단말기를 차량 내에 장착해야 합니다."
현대,기타,일반,지금 타고 있는 차량에 모젠 단말기 장착이 가능한가요?,"모젠 단말기가 제공하는 텔레매틱스 서비스는 차량과의 연계가 매우 중요합니다.

에어백이 전개되었을때 전개신호를 보내주는 기능이라든지,
핸들에 별도의 버튼을 구성하여 단말기를 누르지 않더라도 핸들에 있는 스위치로 단말기를 조작할 수 있게 한다든지,
그리고 전원장치 및 각종 AV시스템과의 연계 등 차량 본체와 여러가지 밀접한 관련이 있습니다.

따라서 차량을 생산할 때 모젠 옵션 차량은 기존 차량과 구별되어 설계가 되어 있으므로,
기존 차량에 모젠 단말기를 장착하는 것은 불가능 합니다."
현대,기타,일반,모젠이 무슨 뜻인가요?,"모젠은 국내 최고의 자동차 회사인 현대자동차와 기아자동차가 공동으로 개발하여 국내 최초로 제공하는 차량 완전 통합형 텔레매틱스 서비스의 브랜드입니다. ""새로운 자동차 생활의 시대를 열어가는 新자동차 생활인""을 지칭하고 있으며, 자동차의 최첨단 생활을 열어주는 새로운 세대라는 의미와, 고객을 중심으로 보다 풍요롭고 안전한 운전생활을 도와드리는 의미를 내포하고 있습니다."
현대,기타,일반,모젠 센터의 운영 시간은 어떻게 되나요?,"모젠 센터는 365일 24시간 운영하고 있습니다. 즉, 비서서비스와 긴급구난 서비스는 언제든지 이용이 가능합니다. 단, 단말기 CS 버튼이나 080-600-6000을 통한 상담원과의 통화(모젠 고객센터)는 평일 08:30~18:00에만 가능하며, 토/일요일과 공휴일에는 불가능합니다. 모젠 서비스의 개통/변경/해지와 서비스 관련 문의는 평일(08:30~18:00)에 이용해 주십시오."
현대,기타,일반,주차장에 차를 어디에 세워두었는지 도저히 찾을 수가 없습니다. 내 차의 주차 위치를 알 수 있을까요?,"고객님이 모젠센터에 주차위치 알림 서비스를 요청하시면, 상담원이 고객님 본인 확인 후 차량의 비상등 점멸 또는 동시에 경적이 울리도록 해 드립니다."
현대,기타,일반,집에 가려고 ‘양재동 366-3번지’라고 말하니까 인식이 안됩니다.,"번지는 음성인식 지원이 되지 않습니다. 단말기 내비메뉴의 주소검색을 이용하시거나 모젠버튼을 눌러 상담원에게 요청하시면 됩니다. 번지수가 집이나 사무실이시라면 모젠웹페이지의 등록목적지에 `우리집','사무실'로 등록하시면 `시/도명 또는 바로가기명을 말씀해주세요'멘트가 나온 후 `우리집','사무실'이라고 말씀하시면 인식이 가능합니다."
현대,기타,일반,음성 인식이 계속 안됩니다.,음성인식은 조용환 환경에서 발성하서야 인식이 잘 됩니다. 혹시 창문을 연 상태라면 닫아주시고 동승자분간의 대화는 잠깐 중단하시고 말씀하여 주십시요. 이용방법을 자세히 들으시려면 `도움말'이라고 말씀하시면 됩니다. 발성하실때 조사는 빼시고 하시는 것이 인식에 도움이 됩니다. 예를 들어 강남역에 가시려면 `강남역이요'라고 말씀하시면 인식이 잘 안되고 `강남역'이라고 하셔야 인식이 됩니다. 저희 모젠의 음성인식은 국내 성인남녀의 평균적은 음성을 기준으로 개발되었으나 이용자에 따라서 인식이 잘 안될수도 있습니다. 그런 경우에는 모젠버튼을 누르셔서 비서서비스를 이용하여 주십시오.
현대,기타,일반,"모젠 음성인식서비스에는 어떤 것들이 있나요?(이용방법,부가요금)","모젠 음성인식서비스의 경우 길안내, 날씨, 증권, 유머, 전화연결, 교통정보가 가능합니다. 이용방법 MTS-150/200/250 > Phone메뉴 -> ARS 연결 MTS-300 > 메뉴 or 모젠버튼 -> 음성정보 연결 ※ 음성통화료외 정보이용료 무료(길안내 서비스 이용 시, 패킷요금 부과)"
현대,기타,일반,유무선 연동 서비스와 동기화가 무엇인가요?,"모젠 서비스 가입 고객들만 이용 할 수 있는 블루멤버스 홈페이지에서 입력해 놓은 일정관리, 전화번호부, 목적지 등 개인 정보를 모젠 단말기에서 확인할 수 있으며, 또한 단말기에서 등록한 정보를 홈페이지에서 확인할 수 있도록 유선과 무선이 연동하여 제공되는 서비스입니다. 미리 홈페이지에서 필요한 정보를 저장해 놓으시면 차 안에서 복잡한 조작없이 편리하게 이용할 수 있는 장점이 있습니다."
현대,기타,일반,위험지역알림 DATA의 업데이트 주기는 어떻게 되나요?,"위험지역 DB 업데이트는 매월 2회 진행되며, 업데이트 시기에 홈페이지에 별도로 공지가 됩니다."
현대,기타,일반,위험지역 알림 서비스를 받기 위해서는 별도의 이용료가 있나요?,"MTS-150.250.200 단말기는 위험지역 알림 서비스는 위험지역 DATA 다운로드시에만 이용료가 부과됩니다. `일반 요금제`를 선택하시면 이용료 없이 업데이트되는 위험지역 DB를 다운로드 받을 수 있으며, `라이트 요금제`는 다운로드 시 건당 2,000원의 이용료가 부과됩니다. 단, 위험지역 DB 다운로드 시 데이터 통신비용(데이터 용량에 따라 다르며, 약 500원 내외 소요)은 별도로 부과됩니다."
현대,기타,일반,위험지역 DATA 업데이트는 어떻게 하나요?,"각 단말기 모델에 따라 아래와 같이 버튼 조작하시면 됩니다. 150 : 내비메뉴 버튼 >> NAVI 설정 >> 위험알림설정 >> 위험정보수신 200 : NAVI 버튼 >> NAVI 설정 >> 위험지역갱신 250계열 : NAVI 버튼 >> 메뉴 >> 환경설정(또는 내비설정) >> 위험알림설정 >> 위험정보 `수신' 450 : MAP GUIDE 버튼 >> BACK >> 환경설정 >> 과속위험정보갱신 단 TPEG 기능이 가능한 W255,W260,W350,W450모델은 TPEG 를 통해 자동으로 갱신됩니다."
현대,기타,일반,원격진단 서비스는 어떻게 제공되나요?,"단말기 INFO 버튼을 누르시고, `차량관리 > 차량진단` 버튼을 눌러 이용이 가능합니다. 원격진단은 파워트레인 및 ABS/ESP 시스템을 진단하여 고장 발생시 후속 조치 사항을 상담원을 통해 안내받는 서비스입니다. 모젠 상담원을 통해 진단 내용을 설명 받고 긴급출동, 정비소까지 길안내 혹은 정비예약 등의 후속 조치를 안내 받으실 수 있습니다. 원격 진단 서비스는 모젠 서비스 가입 고객님만 이용할 수 있으며 일부 차량에서는 제공이 어려운 점 양해 부탁드립니다. ( 제외 단말기 - MTS-200,300)"
현대,기타,일반,원격진단 서비스는 모젠 서비스에 가입하지 않아도 이용할 수 있나요?,원격 진단 서비스는 모젠 가입 고객에 한해 제공받을 수 있습니다.
현대,기타,일반,자동차 키를 차 안에 두고 내렸습니다. 차 문을 모젠이 열어줄 수 있나요?,"차량의 키가 없거나, 차량 내에 두고 차문을 잠근 경우에 고객님이 차량 근처에서 모젠 센터에 잠금해제를 요청하면 상담원이 고객님 본인 확인 후 원격에서 잠금을 해제해 주는 서비스가 제공됩니다. 원격 문열림 서비스는 일부 차종에 서비스가 제공되지 않습니다. 단말기별 적용 서비스 항목에서 서비스 가능 여부를 확인해 주십시오."
현대,기타,일반,에어백이 터지면 어떤 서비스가 제공되나요?,"모젠 고객 차량의 에어백이 전개되면 모젠 긴급구난센터로 사고가 자동 접수되어 상담원이 고객님의 차량으로 사고 상황을 알아보기 위해 전화를 하게 됩니다. 고객님은 침착하게 사고 상황만 말씀해 주시면 119 및 보험사 등에 출동요청을 해 드리며, 만약 차량 탑승자의 부상 정도가 심해 사고 상황을 설명할 수 없는 경우에는 자동으로 긴급 출동을 요청하게 됩니다."
현대,기타,일반,소모품 관리 서비스도 모젠 서비스에 가입해야만 이용이 가능한가요?,소모품 관리 기능은 모젠 서비스에 가입하지 않아도 이용이 가능합니다.
현대,기타,일반,상담원이 상세한 교통정보를 제공해 주지 못합니다.,운전 중인 상황을 고려하여 최대한 간결한 정보를 제공하기 위해 상담원이 음성으로 제공하는 교통정보는 정체 및 지체구간을 위주로 제공하고 있습니다. 좀더 자세한 정보는 문자 전송 방식으로 제공하고 있습니다. 정보를 요청하실 때 음성안내 후에 상담원에게 문자 전송을 요청하시면 됩니다.
현대,기타,일반,상담원을 통해서 받을 수 있는 서비스는 무엇인가요?,"상담원을 통해 제공받을 수 있는 서비스는 길안내, 교통정보, 위치정보, 전화연결, 날씨정보, 증권정보와 음식점 정보가 있습니다."
현대,기타,일반,등록한 배경화면은 어떻게 볼 수 있나요?,"배경화면을 보시려면 AV 모드(Radio, TV, CD, DVD)에서 `AV OFF` 버튼을 누르시면 됩니다. (W260모델은 display 버튼을 눌러서도 확인 가능함)"
현대,기타,일반,가족 사진으로 배경화면 설정을 할 수 있나요?,"고객님의 개인 사진으로도 배경화면 설정이 가능합니다(MTS250,MTSW255,W260,450,W450만 지원). 개인 사진을 단말기 배경화면으로 등록하시려면, 먼저 모젠 홈페이지의 `My page>배경화면>My 배경화면`에서 원하시는 사진을 등록하시고, 모젠 단말기의 Info 버튼을 누르고 `환경설정>배경화면설정` 메뉴에서 등록하신 이미지를 다운받으신 후, 배경화면으로 설정하시면 됩니다. 다운로드 가능한 단말기의 저장 용량은 500Kbyte 이오니 저장 공간이 부족할 경우, 기존 다운로드한 정보를 삭제 하십시오. 배경화면은 약 20개의 이미지까지 저장이 가능합니다."
현대,기타,일반,무선인터넷으로 다른 인터넷 사이트에 접속할 수 있나요?,"모젠 전용 무선웹 서비스이기 때문에, PC 환경에서 보실 수 있는 외부 사이트에는 접속하실 수는 없습니다."
현대,기타,일반,"차량을 잃어버려 급하게 연락했는데, 본인확인 절차가 까다롭고 시간을 낭비하는 등 차량을 찾을 수 없었습니다.","도난추적서비스는 경찰에 도난신고가 접수된 경우에만 제공됩니다. 단, 고객과 112간의 3자통화 연결을 통해 고객의 유선 도난신고가 접수가 인정된 경우에 도난추적 서비스를 제공할 수 있습니다. 따라서, 경찰서(파출소)에 도난 신고접수가 되지 않은 경우, 유선 도난접수 절차는 반드시 거쳐야 하며, 이는 경찰의 도난추적 신고절차로 모젠센터의 서비스 절차와는 무관합니다."
현대,기타,일반,"도난 추적 서비스 요청을 했는데, 차량회수가 안된다고 합니다.",도난 추적 서비스는 차량의 전류 공급 안정성을 위해 시동이 꺼진 후 48시간까지만 제공이 가능합니다. 따라서 시동이 꺼진 후 48시간 이후에 도난 차량에 재시동이 되지 않은 경우에는 차량의 위치추적이 불가능할 수 있습니다.
현대,기타,일반,도난 추적 서비스 요청은 어떻게 해야 하나요?,"국번없이 080-600-6000으로 전화를 걸어서 접수하시면 됩니다. 별도의 이용료는 부과되지 않고, 통화료만 부과됩니다."
현대,기타,일반,도난 신고접수는 언제든지 가능한가요?,"도난 신고접수는 가까운 경찰서나 파출소에서 본인이 직접 하셔야 합니다. 도난추적 서비스는 경찰관서에 도난신고가 사전 접수 된 경우에만 제공되는 서비스로 24시간 제공이 가능합니다. 도난신고접수가 안 된 경우, 모젠 상담원은 고객과 112와 모젠센터간의 3자 통화를 통해 고객이 경찰에 차량 도난 신고를 할 수 있도록 도와드리며, 112에서 도난 신고가 접수하여 인정하게 되면, 고객의 책임하에 위치정보를 경찰에 제공하고 있습니다."
현대,기타,일반,도난 경보 알림 서비스는 어떻게 제공되나요?,"모젠 차량의 도난 경보가 작동하게 되면 모젠센터로 신호가 자동으로 접수되어, 고객 휴대폰으로 긴급상황임을 알리는 문자 메시지를 전송해 드립니다. 단, 시동을 끈 후 48시간이 경과되면 도난 경보 알림 서비스가 제공되지 않습니다. 차량을 도난 당했을 경우에는 080-600-6000으로 전화를 하셔서 도난 추적 서비스를 요청하시면 됩니다."
현대,기타,일반,현재 내 차의 위치를 정확하게 친구에게 알려줄 수도 있나요?,"모젠 내차위치 전송은 고객님의 현재 차량 위치를 고객님 본인 모젠 홈페이지 및 다른 모젠 고객님의 차량 혹은 모젠 홈페이지에 전송해 주는 서비스입니다. 내차 위치 전송 서비스를 이용하시려면, 단말기 INFO 버튼을 누르시고 `차량관리 > 내차위치전송` 버튼을 선택하시면 됩니다. 단말기 화면에서 친구 차량의 모젠 전화번호를 입력하거나 홈페이지를 선택하시고, 확인을 누르시면 전송됩니다."
현대,기타,일반,"혼잡통행료 징수시간에 (남산 1,3호터널)로 자꾸 안내하는 데 우회도로로는 안내가 안되나요?","단말기 내비게이션에 권장경로, 유료우선, 무료우선, 거리우선, 기타경로 총 5가지의 경로 탐색 조건을 지정할 수 있습니다. 목적지 설정 후 표시된 전체 경로 보기 화면에서 `선택` 버튼을 누르고, `다중경로` 버튼을 선택하면 경로탐색 방법을 지정할 수 있습니다."
현대,기타,일반,예상 도착시각이 안 맞습니다.,"출발시 제공되는 예정 소요시각은 출발시점의 경로상의 교통상황을 반영하여 예측하여 제공하며, 출발 이후 교통상황의 변화가 반영이 되지 못하므로 정확한 도착 예정시각과 차이가 발생합니다. 따라서 단말기에 표시되는 도착예정시각은 참고 값으로 만 활용하시기 바랍니다."
현대,기타,일반,연료절약 길안내를 이용하면 어떤 효과가 있나요?,"연료절약 길안내는 자체 평가 결과 빠른길 안내 대비 평균 12%의 연료절감 효과가 있습니다. 단, 운전자의 운전 성향, 차량상태, 기상조건, 교통상황 및 급가속 등에 의해 효과의 차이가 발생할 수 있습니다"
현대,기타,일반,연료절약 길안내가 뭔가요?,"연료절약 길안내는 모젠만의 진일보한 교통정보, 가고자 하는 도로의 정보, 고객 차량 정보를 바탕으로 개발된 연료소모량 예측 모델을 적용하여 최소한의 연료가 소모되는 경로를 안내해 주는 모젠만의 새로운 컨셉의 길안내 서비스입니다."
현대,기타,일반,"목적지의 명칭오류,누락,수정건이 있는 경우에 수정이 가능한가요?","단말기의 경우 약 20만건의 목적지 내장데이터가 있습니다. 단말기상의 목적지데이터의 경우 연2회 업그레이드시의 추가,삭제,변경이 가능하며 모젠센터에서는 주단위로 목적지데이터가 관리되고 있어 모젠센터를 통한 길안내시에는 업그레이드전이라도 반영이 가능합니다."
현대,기타,일반,길안내를 받으면서 전화통화를 할 수 있나요?,"길안내 중에도 상담원과의 통화는 물론, 전화의 송수신 기능을 모두 이용할 수 있습니다. 단, 고객님의 안전을 위해 주행 중에는상담원을 이용한 전화걸기와 단축키를 이용한 전화 연결만 가능합니다."
현대,기타,일반,"길안내 서비스를 받아서 목적지까지 갔는 데, 사고로 막혀서 오래 걸렸습니다.",모젠이 제공하는 길안내 서비스는 길안내를 요청하신 시점에 교통정보를 반영한 최적의 경로로 안내하게 되어 있습니다. 그러나 갑작스런 사고나 교통통제 등을 상황을 경로 안내에 반영하기 어렵습니다. 이런 경우에는 실제 교통규제 및 도로상황에 따라 주행해 주십시요.
현대,기타,일반,"가까운 길을 두고 돌아가는 길로 안내하는 경우가 종종 있는데, 이유가 뭔가요?","모젠센터에서 추천하는 경로는 현재 시간의 도로 소통상황을 반영하여 빠른길을 안내하고 있습니다. 따라서 거리상으로 가깝더라도 정체구간을 포함하고 있다면, 다소 우회하더라도 소통상황이 원활한 경로로 안내하고 있습니다."
현대,기타,일반,전국의 교통정보를 다 조회해 볼 수 있나요?,"현재 서울과 수도권 일부및 광역시의 주요도로와 고속도로에 대한 교통정보가 제공되고 있으며, 기타 지역에 대한 교통정보는 제공되지 않습니다. 향후 국가 ITS사업의 추진에 맞춰 지속적으로 교통정보 공급 대상 지역을 확대할 계획입니다."
현대,기타,일반,"현대 긴급 출동봉사반에서 와서 시동을 걸어주었는데, 돈을 내라고 합니다.","현대 긴급출동의 경우, 보증수리 대상인 경우에는 출동비가 무상이나, 보증수리 초과 차량의 출동비는 현장에서 청구되며, 보증수리 차량의 경우에도 출동비는 무상이나 소요된 부품 등에 대해서는 고객이 비용을 지급합니다."
현대,기타,일반,출동 요원이 견인을 하면서 특수 장비가 필요하다며 추가요금을 부담하라고 합니다.,"도로를 이탈하거나 장애물 등으로 인하여 자력으로 주행이 불가능하여 구난을 필요로 하는 경우에 긴급구난 서비스가 제공됩니다. 그러나 이 경우 별도의 구난장비 없이 견인차(렉카)로 구난이 가능한 경우에 한하며, 별도의 구난장비가 필요한 경우에는 추가비용을 지급하여야 합니다. 또한 구난작업 30분 초과시(현장도착에서 완료까지의 시간) 별도의 비용을 부담 하여야 합니다."
현대,기타,일반,"자동차전용도로(올림픽도로, 강변북로 등)에서 휘발유가 떨어졌는데 긴급주유서비스는 안되고 견인을 해야합니다.","고속도로 및 자동차 전용도로에서 배터리충전, 타이어교체, 긴급주유, 문잠김해제 서비스 등을 요청하신 경우에는 안전을 위해 현장 조치가 불가하고 긴급 견인 서비스를 제공해 드립니다."
현대,기타,일반,SOS 서비스로 긴급출동을 요청했을 경우 제공받을수 있는 서비스는 어떤것이 있나요?,"문잠김 해제, 긴급 주유(휘발유 3L, 경유 3L 이내), 예비타이어 교체, 배터리 충전, 견인, 구난 서비스를 제공 받으실 수 있습니다. 단, 일부 서비스는 고객이 요금을 추가로 부담하셔야 합니다. 견인의 경우 10KM 까지는 무료로 제공되나 초과시 1KM당 2,000원의 요금이 부과됩니다. 구난의 경우, 출동한 견인차로 30분이내의 거리면 무상이며, 30분 초과시는 별도의 요금이 부과 됩니다. 또한 별도의 구난차량이 필요한 경우에도 별도의 요금이 부과되며, 발생한 별도 요금은 출동한 업체에 직접 지급하시면 됩니다."
쉐보레,TOP 10,일반,[차량관리] 오토 차량인데 언덕에서 뒤로 밀려요.,"일반적으로 오토 차량도 언덕길에서 정차 후 출발 시에는 언덕의 경사에 따라 다소 뒤로 밀릴 수 있습니다. 이는 변속레버를 ""D"" 레인지에 놓고 브레이크를 떼면 가속페달을 밟지 않더라도 차량이 서서히 움직이는 클리핑(Cleeping:서서히 끌려나감) 상태라고 볼 수 있습니다. 따라서, 평지에서는 앞으로 약간 전진을 하고, 언덕에서는 차량의 하중으로 뒤로 밀리게 됩니다. 


이 문제는 클리핑 상태에서의 유압을 강하게 해줌으로 인하여 밀리는 현상을 감소시킬 수 있으나, 변속기의 내구성을 떨어뜨리는 단점이 있습니다. 따라서, 미션의 내구성 향상을 위하여 유압을 더이상 강화하지 않은 이유로 차량이 뒤로 밀리는 현상은 정상적인 현상라고 말씀드릴 수 있습니다. 경사진 곳을 운행하실 때에는 D 위치가 아닌 저단기어를 사용해보신다면 훨씬 더 부드러운 운행이 되실겁니다. 


그러나, 뒤로 밀리는 정도가 지나칠 정도로 심하게 느껴지신다면 엔진공회전 속도의 불량이나, 자동변속기 내 오일펌프 유압의 저하, 자동변속기 오일의 부족 등이 원인이 될 수 있습니다. 많이 염려가 되실 정도라면 가까운 쉐보레 서비스센터를 통해 상세한 점검 받아보시길 부탁드립니다."
쉐보레,TOP 10,일반,[차량관리] 기존 지엠대우 차량도 서비스센터 이용이 가능한가요?,"지엠대우 서비스 네트워크가 그대로 쉐보레 서비스 네트워크로 전환되는 것이므로, 변경된 쉐보레 서비스 네트워크를 이용하시면 됩니다."
쉐보레,TOP 10,일반,[기타] 텔레나브 내비게이션 업데이트 방법,"텔레나브 내비게이션은 쉐보레 홈페이지를 통하여 업데이트 받으실 수 있으며, 관련 자세한 업데이트 방법은 아래 링크를 통해 확인하실 수 있습니다.

https://www.chevrolet.co.kr/telenav/navigation-update"
쉐보레,TOP 10,일반,[기타] 텔레나브 내비게이션 적용 차종,"더 뉴 말리부(2019년형 차량부터), 이쿼녹스(2019년형 차량부터), 더 뉴 카마로(2019년형 차량부터), 콜로라도, 트래버스, 트레일블레이저, 볼트 EUV, 볼트 EV(2022년형 차량부터)"
쉐보레,TOP 10,일반,[기타] 루센 내비게이션 업데이트 하는 방법,"루센 내비게이션 관련 자세한 업데이트 방법은 아래 링크를 통해 확인하실 수 있습니다.

http://www.rousen.com/GM/"
쉐보레,TOP 10,일반,[차량관리] 내비게이션 업그레이드 방법은 무엇입니까?,"· 대성엘텍 및 S&T 대우 내비게이션 (크루즈, 말리부, ALL NEW 말리부, 올란도, 캡티바, 임팔라, 카마로SS, 알페온, 윈스톰, 토스카)

내비게이션 업데이트는 www.rousen.com/gm 를 통해 다운로드 받아주시거나, 쉐보레 직영 서비스센터로 방문하여 업데이트를 받아보시기 바랍니다.

(고객지원센터☎ 02-838-0777)

차종 및 내비게이션 모델에 따라 CD를 구입하여 업데이트를 하는 방식도 있으니 보다 자세한 사항은 한국지엠 고객 센터(☎ 080-3000-5000)로 문의하시면 상세히 안내 받아보실 수 있습니다."
쉐보레,TOP 10,일반,[차량관리] 주행중 시동이 꺼지면 어떻게 해야하나요?,"시동꺼짐 현상은 그 원인이 다양하기 때문에 전문정비사를 통해 시동꺼짐 현상이 재현되어야만 정확한 정비가 이뤄질 수 있습니다. 사이버상으로는 정확한 진단이 어렵습니다만, 참고가 되시도록 시동 꺼짐 현상에 관한 몇 가지 원인을 안내해드리겠습니다.

*정차시 시동꺼짐
냉간시 진동 발생과 함께 시동꺼짐 - 연료펌프, 연료누출 확인
냉간시 진동없이 스르르 시동꺼짐 - IAC밸브, 배선/커넥터 점검
열간시 시동꺼짐 - 주행거리에 따른 소모품 및 점화계통 점검

*주행중 시동꺼짐
요철도로 운행중 시동꺼짐 - 배터리 터미널 조임, 연료탱크 수분 유입 확인
선회시(U턴 포함) 시동꺼짐 - 파워 스티어링 스위치 점검
일반도로 주행중 시동꺼짐 60km/h이상 - 연료점검, 커넥터 접촉불량
60km/h이하 - 엔진배선 접촉 불량

* 재시동시 꺼짐
재시동 후 RPM정상 - IAC 리셋팅, IAC 청소
재시동 후 RPM비정상 - 진공누설 점검, 엔진 센서 점검

안내해드린 사항은 예측에 불과하오니, 가까운 쉐보레 서비스센터를 방문하시어 보다 상세한 점검 및 수리 받아보시길 바랍니다."
쉐보레,TOP 10,일반,[기타] 루센 내비게이션 적용 차종,"말리부 (2018년형 차량 까지), 크루즈 (2018년형 차량 까지), 임팔라, 알페온, 토스카, 이쿼녹스 (2018년형 차량 까지), 올란도, 캡티바 등 더 자세한 사항은 아래 링크를 통해 확인하실 수 있습니다.

http://www.rousen.com/GM/car_select.asp"
쉐보레,TOP 10,일반,"[차량관리] 기존 차량 구입시, 지엠대우가 제공한 보증 수리 조건은 유지가 되는지?","기존의 지엠 대우 차량을 구매하실 때 제공키로 한 보증 수리 조건은 동일하게 유지되며, 쉐보레 직영 및 협력 서비스 네트워크에서 현재와 동일하게 받으실 수 있습니다."
쉐보레,TOP 10,일반,[차량관리] 가솔린 차량을 LPG로 개조할 수 있나요?,"LPG 차량으로의 구조 변경은 개조 작업에 해당하여 규정에 의해 저희 쉐보레 서비스센터에서는 작업해드릴 수 없는 점 양해 부탁드립니다.

장애 등급을 받으셨다면 계신 지역의 관할 구청을 통해 개조허가를 받으시고, 허가 시 안내해드리는 지정 개조업체로 작업을 의뢰해주십시오."
쉐보레,구매 관련,일반,[구매관련] 근저당 설정 해지 방법 및 절차를 알고싶습니다.,"자동차 근저당 설정 해지는 할부를 진행한 할부사의 지점을 방문하여 근저당 설정 해지 서류를 받으신 다음에 해당 관청(시청, 구청, 군청)의 차량 등록 사업부의 저당 설정 해지 창구에 제출하시면 됩니다."
쉐보레,구매 관련,일반,[구매관련] 저공해 증명서 재발급 철차 및 장소를 알고싶습니다.,"저공해 자동차 증명서는 차량 구입을 담당한 전시장을 통해 재 발급이 가능합니다. 

 

차량 구입을 담당한 전시장이 폐점되어 재 발급이 어려운 경우에는 한국지엠 고객센터(☎ 080-3000-5000)로 연락주시기 바랍니다."
쉐보레,구매 관련,일반,[구매관련] 재고차 구입 조건시 할인율을 알고싶습니다.,쉐보레 전시장을 통해 자세한 상담 받아주시기 바랍니다.
쉐보레,구매 관련,일반,[구매관련] 신차 구입시 출고 예정일 확인 방법을 알고싶습니다.,"출고예정일은 고객님께서 선택하신 차종, 옵션, 색상 등에 따라 다소 차이가 있습니다. 

 

차량 구입을 담당한 전시장(카매니저)을 통해 상담 받아주시길 부탁 드립니다."
쉐보레,구매 관련,일반,[구매관련] 할부금 중도 상환 방법을 알고싶습니다.,"할부금 중도 상환은 가능하며, 중도상환에 따른 수수료가 발생됩니다.

 

할부금 잔액과 수수료, 납입 방법 관련해서는 이용하시는 할부사를 통해 자세한 상담 받아보시기 바랍니다."
쉐보레,구매 관련,일반,[구매관련] 신차 구입시 신용카드 사용과 캐피탈 이용 동시에 가능 여부를 알고싶습니다.,신용카드 결제와 할부사 이용을 중복하여 사용 가능합니다. (계약자 본인 카드만 가능)
쉐보레,구매 관련,일반,[구매관련] 신차 구입시 신용카드 복수 사용 여부를 알고싶습니다.,"자동차 구입시 신용카드를 이용한 결제는 신용카드 개수에 제한 없이 결제 가능하고, 고객님 신용카드 한도 내에서 희망하시는 금액까지 자유로운 결제가 가능합니다. (자세한 내용은 담당 카매니저에게 문의하시기 바랍니다)"
쉐보레,구매 관련,일반,[구매관련] 구입시 계약자와 신용카드 계약자 명의는 어떻게 해야하나요?,"여신전문금융법에 의해 결제권자와 소유권자는 동일해야 하며, 신차 구입시 신용카드 결제는 본인명의 카드로만 결제 가능합니다."
쉐보레,구매 관련,일반,[구매관련] 신용카드로 차량 구입시 소득공제 여부를 알고싶습니다.,조세특례제한법에 의거 신규로 출고되는 자동차 구입시 신용카드 금액은 소득공제 대상에서 제외됩니다.
쉐보레,구매 관련,일반,[구매관련] 할부를 진행하는 캐피탈사를 확인하는 방법은 무엇입니까?,차량 구입을 상담한 전시장에 문의하시기 바랍니다.
쉐보레,구매 관련,일반,[구매관련] 신차 구입시 기존 차량 중고 매매는 어떻게 해야하나요?,"중고차 처리 부분은 한국지엠에서 공식적으로 처리해드릴 수 있는 업무가 아닙니다. 따라서 고객분이 중고차를 처분하고 신규차를 구입하기를 원하는 경우에는, 우선 고객분께서 중고차업자와 직접 매매계약을 체결하시면 됩니다.
 


만약 고객분께서 중고차 업자를 모르시는 경우에는, 카매니저에게 중고차 업자를 소개 부탁 하실 수는 있습니다. 이 경우에는 카매니저는 고객관리 차원에서 중고차 업자를 고객분께 소개하고, 고객은 공정하게 중고차 가격을 평가 받을 수 있도록 조언을 받을 수 있을 것입니다.


 
그러나 어떠한 경우에도 카매니저는 중고차 업자의 소개에 따른 소개비, 알선료 등을 요구해서도 받아서도 안됩니다. 이유는 한국지엠은 신조차만을 판매해야 하며, 중고차 판매는 할 수 없도록 되어 있습니다."
쉐보레,구매 관련,일반,[구매관련] 신차 구매시 현급영수증 발급받으려면 어떻게 해야하나요?,조세특례제한법에 의거 신차구입시 사용한 금액은 소득공제 대상에서 제외되며 현금영수증 발급되지 않습니다.
쉐보레,구매 관련,일반,[구매관련] 부가세 환급 대상 및 환급 철차는 어떻게 되나요?,"차량 구입시 부가가치세를 환급받으려면 부가가치세를 내는 사업자만 적용됩니다 

 

- 대상차종 : 1000cc 이하 차종(스파크, 다마스, 라보)"
쉐보레,구매 관련,일반,[구매관련] 환경개선 부담금 면제 대상차량은 무엇입니까?,"▶ 크루즈, 올란도, 캡티바 차량중 디젤 해당(유로5 차량) 됩니다."
쉐보레,구매 관련,일반,[구매관련] 세금계산서 발급 절차 / 발급장소를 알고싶습니다.,"세금계산서는 차량 출고시 지급하면 됩니다.

 

- 추가 발급이 필요하면 구매 전시장 카매니저에게 문의(재발급으로 발행)하시면 됩니다."
쉐보레,구매 관련,일반,[구매관련] 세금관련 내용에 대해 알고싶습니다.,구매가이드 → 구매절차안내 → 세금제도를 참조하시면 됩니다.
쉐보레,구매 관련,일반,"[구매관련] 직접 출고 받는 방법, 필요 서류, 대리인 가능한지 알고 싶습니다.","직접 출고사무소(인천,군산,창원,천안,왜관)를 방문 가능합니다. 

 

- 본인 방문시 : 신분증 지참하시면 됩니다. 

- 대리인 방문시 : 신분증 지참 및 구입 전시장에 인적사항 제출하시면 됩니다."
쉐보레,구매 관련,일반,[구매관련] 신차 구입시 발생되는 세금의 종류와 비용은 무엇입니까?,"○ 자동차 세금은 배기량에 따라서 금액이 책정되며, 신차 구입시 개별소비세, 부가가치세(10%),통합취득세(부가가치세를 제외한 차량가의 7%)가 적용됩니다."
쉐보레,구매 관련,일반,"[구매관련] 신차 구입시 할인 받을 수 있는 방법 (오토카드, 로열티, 쉐보레 멤버스 등)은 무엇입니까?","▶ 오토카드 

 

- 쉐보레 삼성카드 및 쉐보레 롯데카드에 적립되어 있는 오토포인트는 차량 구입시 최대 200만 포인트까지 사용 가능합니다. (부모/배우자/자녀 포인트 합산 사용 가능)

- 쉐보레 삼성카드 및 쉐보레 롯데카드 선포인트 서비스를 이용하시면 최대 30만원까지 미리 차감한 금액으로 차량 구입이 가능합니다. (단, 스파크, 트랙스 크로스오버, 트레일블레이저에 한하여 선포인트 서비스가 제공됩니다.) 

 

▶ 재구매 할인 프로그램 

 

- 93년도 이후 신 차 구입 이력이 있는 쉐보레 멤버스 고객의 경우, 내 명의로 2회 구입 시부터 20만원 할인이 되며, 최대 5회 구입 시 50만원까지 할인이 됩니다. 

- 스파크, 트랙스 크로스오버 구매 시에는 재구매 할인 금액에서 10만원씩 차감됩니다.

 

* 보다 자세한 사항은 쉐보레 컴플리트 케어 → 쉐보레 멤버스 페이지를 참조하여 주시기 바랍니다."
쉐보레,구매 관련,일반,[구매관련] 계약해지시 계약금 환불 규정 및 환불 기간은 어떻게 되나요?,환불의 경우 1~3일정도 소요됩니다.(토/일/법정 공휴일 미포함)
쉐보레,구매 관련,일반,[구매관련] 신차 등록 절차는 어떻게 되나요?,"○ 보험가입 영수증 

 

○ 신규 등록 서류 구비(자동차 제작증, 세금계산서, 임시운행허가증, 임시운행번호판) → 단, 임시운행번호판 미발급시 임시운행허가증, 임시운행번호판 해당 되지않습니다. 

 

○ 차량 등록절차 

 

- 신규등록 서류 접수 → 등록 부대비용 고지서 발급 → 통합취득세, 공채매입필증, 안전협회비, 번호판 부착대 납부 → 자동차 등록증과 번호판 수령 → 자동차 번호판 봉인의 절차로 이루어집니다."
쉐보레,구매 관련,일반,[구매관련] 차량 구입시 필요한 서류는 무엇입니까?,"○ 현금 구매시

 

- 개인의 경우
→ 신분 확인을 위한 증명서(신분증) 제시 필요합니다.
    - 개인사업자 및 법인사업자의 경우
→ 개인사업자 : 신분증, 사업자등록증 사본 1통
→ 법인사업자 : 법인사업자 등록증 사본 1통

 

○ 할부구매시(개인)
- 인감증명서2통(대출신청용 1통, 근저당설정용 1통)
- 주민등록등본1통(대출신청용)
- 신분증(주민등록증 or 운전면허증)
- 각종증빙자료 해당자격에 따라 제출하면됩니다.
→ 재직증명서 사본, 근로소득원천징수영수증사본, 재산세 과세증명서

 

○ 할부구매시(개인사업자의 경우)
- 개인고객의 구비서류에 추가하여 사업자등록증 사본 1통 필요합니다.

 

○ 할부구매시(법인사업자의 경우)
- 법인인감증명서 2통(대출신청용 1통 ,차량 근저당설정용 1통)
- 사업자등록증 사본 1통
- 법인등기부등본 1통
- 각종 증빙서류 1통(제무제표증명원)
- 법인대표 인감증명서 2통(대출신청용 1통 ,차량 근저당설정용 1통)
- 법인 대표자 신분증(주민등록증 or 운전면허증)
- 각종 증빙자료 (재산세 과세 증명서 1통)

 

○ 연대보증인의 경우
- 인감증명서(대출신청 연대보증용 1통)
- 신분증 사본(주민등록증 or 운전면허증)
- 각종 증빙자료 해당자격에 따라 제출하면 됩니다.
→ 재직증명서 사본, 근로소득원천징수영수증사본, 재산세 과세증명서"
쉐보레,구매 관련,일반,[구매관련] 쉐보레가 Global 타 메이커 대비 내세울만한 기술은 무엇인가요?,"쉐보레는 100년 전통의 축적된 기술력을 보유하고 있으며, 이를 바탕으로 2010년 하반기 전기차 Volt를 본격 양산하여 북미에서 판매를 시작하였으며, 북미에서 2011년 올해의 차로 선정되었습니다. 한국에 쉐보레 브랜드 도입을 계기로 더욱 선진 기술도입의 기회가 많아지는 장점을 가지게 됩니다.

 

아울러, 한국에서 글로벌 쉐보레 브랜드의 Mini, GSV 및 GCV등에 대한 신기술 개발을 담당하게 되어 GM의 글로벌 소형차 부문의 기술 개발 능력을 선도하는 위치를 가지게 됩니다."
쉐보레,구매 관련,일반,[구매관련] 중고차 반납일이 도래되었는데 반납방법이 어떻게 되나요?,"보장금액 최종납입일 15일전까지 출고거점에 통보해주시면 , 반납차량 검수/감가금액 확정 후 최종납입일을 기준으로하여 반납일자/장소 등을 관할거점에서 별도 통보해드립니다. 

>> 반납 시 구비서류

 

1) 자동차등록증 원본 및 자동차등록원부 갑부 (반납일 기준 1개월 이내) 

2) 지방세/자동차세 완납증명서 또는 납입영수증사본 

3) 해당차량 책입보험료 납입영수증 사본 또는 보험료 납입증명서

4) 주민등록등본 1부

5) 인감증명서 2부 (대리인 반납시 3부) 및 인감도장이전/말소등록 위임장 (중고차 수출판매) 1부: 양식 해당거점에 비치 

6) 양도행위 위임장(중고차 내수판매) 1부: 양식해당거점에 비치 

7) 자동차 양도증명서(계약서, 중고차 수출판매) 1부: 양식해당거점에 비치 

8) 차량반납시 대리인일 경우 일체의 권리를 위임하는 위임장 첨부:양식해당거점에 비치 

※ 대리인: 가족관계 증빙서류 구비 - 신분증 구비

9) 중고차가격보장에 관한 약정서 원본 (분실시 분실확인서 첨부) : 양식해당거점에 비치"
쉐보레,차량 관리,일반,[차량관리] 유로5 디젤 엔진 장착 차량 운행 중에 DPF 재생 알림등이 점등됩니다. DPF가 어떤 내용인가요?,"크루즈 디젤, 캡티바, 올란도 고객님, 쉐보레 차량을 운행해 주셔서 진심으로 감사 드립니다. 

 

차량을 운행하시다 보면 계기판 상에 DPF 재생 알림등이 점등되거나 깜박거리는 경우가 있습니다. 이는 차량에 문제가 있는 것이 아니오니 안심하시고 시속 60km 이상으로 약 20여분 정속 주행하시면 자동으로 DPF 재생 알림등이 소등됩니다.

 

해당 운행 정보 참고하시어, 안전 운전 하시기 바랍니다. 

 

DPF 재생 알림등 점등 원리: DPF는 디젤엔진의 배기가스 중 외부로 배출되는 매연을 저감시켜 주는 장치로, DPF에 매연이 과도하게 축적되면 DPF재생을 통해 자기 정화 기능을 수행합니다. 

 

보통 전자제어컴퓨터가 최적의 조건을 판단하여 자동적으로 DPF재생을 수행하나, 자동 재생이 되지 않았을 경우 보다 효율적인 재생을 위해 전자제어컴퓨터가 주행모드를 변경하거나 시동을 끄고 켜는 것을 자제할 것을 요청할 수 있습니다.

 

이 경우, DPF 재생 알림등이 점등되거나 깜박거리며 운전자에게 알람을 주게 됩니다. 

 

이는 모든 디젤 차량에서 일반적인 현상으로 알려드린 대로 주행모드를 변경하시면 DPF 재생이 이루어지면서 소등이 됩니다."
쉐보레,차량 관리,일반,[차량관리] 시동 키가 돌아가지 않을때(핸들잠김) 해결방법은 무엇입니까?,"대부분의 경우 이런 현상이 일어나는 원인은 키를 꽂아두지 않은 상태 즉, 시동을 끈 상태에서 핸들을 돌렸을 경우 핸들이 잠기는 현상이 발생합니다. 

 

이는 도난방지를 위한 하나의 방편인데, 이때는 키가 돌아가지 않아서 시동이 걸리지 않습니다.

 

이때 핸들을 푸는 방법은 왼손으로 핸들의 좌측상 단부를 잡고 시계 반대방향으로 힘껏 당기면서(돌리듯) 오른손으로 키를 돌리면 시동이 걸리면서 핸들이 풀립니다."
쉐보레,차량 관리,일반,[차량관리] 정비 예약은 어떻게 해야하나요?,"인터넷 정비 예약은 쉐보레 멤버스 고객께 제공되는 서비스입니다. 

 

우선은 쉐보레 멤버스에 가입을 하신 후 쉐보레 홈페이지의 쉐비케어 → 정비서비스 → 서비스센터 찾기 및 예약에서 가능합니다."
쉐보레,차량 관리,일반,[차량관리] 차량 정비시 정비 비용 할인 방법은 무엇입니까?,"▶ 굿모닝 예약 할인

 

오전 8:40 ~ 9:30 (입고시간 기준)에 예약하시면 총 수리비의 5%를 할인해 드립니다. (단, 인천/창원정비사업소, 속초바로정비: 오전 8:10 ~ 9:00 까지 할인) 

 

굿모닝 예약 할인은 주중(월~금)에만 적용됩니다. (토/일요일 제외) 
쉐보레 오토카드를 소지하신 경우 5% 추가 할인됩니다. (굿모닝 예약 할인에 한함)  

 

▶ 오토카드 
해당카드 제출 시 수리비의 5%를 현장에서 할인해 드립니다. 

 

▶ 굿모닝예약 & 오토카드 
총 수리비의 10% 를 할인해드립니다."
쉐보레,차량 관리,일반,[차량관리] 리모콘키 분실 후 일반키로 시동시 경보음 발생 해지 방법은 무엇입니까?,"과거에는 리모콘키로 도어를 잠근 후 수동키로 열면 도난 경보음이 작동하였으나, 최근 생산 되는 차량은 일반키를 리모콘키가 감지하여, 수동키로 도어를 열 경우 정상적인 도어 개폐로 인식하기 때문에 경보음이 작동하지 않습니다.
 

도난 경보 경고음은 리모콘키나 수동키를 사용하지 않고 다른 방법으로 도어, 트렁크, 엔진후드를 열 때 작동 됩니다. 단, 연식이 오래된 차량의 경우, 도난방지장치가 작동 중인 상태에서는 리모콘키를 사용하지 않고 수동키나 비정상적인 방법으로 도어 및 테일게이트를 열 경우 경고음이 작동됩니다.
 

리모콘키의 잠금 또는 풀림버튼을 누르면 경보음 작동이 멈춥니다. 즉, 리모콘키로 도난 경계에 진입한 경우 리모콘키 이외의 방법으로 도어를 열게 되면 비상등이 점멸하고 사이렌이 울리면서 도난 경보 상태가 됩니다. 기능상 해제는 사이렌이 28초 동안 작동 후 종료되게 됩니다."
쉐보레,차량 관리,일반,[차량관리] 모든 자동차 키를 분실한 경우 해결 방안은 무엇입니까?,"메인 리모콘키를 비롯 예비 키(보조키)까지 모두 분실을 한 경우라면, 키 박스 전체를 교환하셔야 합니다. 서비스 네트워크까지 차량 운행을 못하는 경우이므로, 견인을 통해서 입고를 하여 키 박스 교체 작업을 해야 합니다."
쉐보레,차량 관리,일반,[차량관리] 리모콘 키를 분실한 경우는 어떻게 해야하나요?,"순정 리모콘키는 당사 서비스 네트워크를 통해 구입이 가능합니다. 

 

리모콘키 부품을 서비스센터 자재과를 통해서 구입하셔서 새로운 리모콘키와 해당 차량간 코드가 맞도록 셋팅을 하고, 리모콘키의 쇠 부분은 가지고 계신 여분의 키를 이용해 외부에서 복사를 하셔야 합니다."
쉐보레,차량 관리,일반,[차량관리] 핸들을 끝까지 돌렸을 때 소리가 나는데 해결방법은 무엇입니까?,"예측되는 몇 가지 사항

* 조향핸들과 조향핸들축 커버가 간섭

* 클럭스프링 불량
- 에어백 장착차량의 경우 조향핸들커버 안쪽에 에어백 모듈이 설치되고 이 에어백 모듈에 전기를 공급하기 위한 배선이 스프링 모양으로 감겨있는데, 이를 클럭스프링이라고 합니다. 이 클럭스프링이 조향핸들을 돌리는 과정에서 소음이 발생될 수 있습니다.

* 조향핸들축이 회전시 간섭
-조향핸들축과 바닥 고무패킹 부위가 간섭될 경우 핸들 조향시 마찰음이 발생됩니다.

* 조향핸들 기어박스의 고무패킹 윤활불량
-조향핸들 기어박스의 피니언기어축 고무부싱에서 주로 발생되며 피니언기어축이 회전할 때 마찰음이 발생됩니다.

* 파워핸들 오일펌프 불량
-파워핸들 오일펌프가 불량하거나 오일이 부족할 경우 핸들을 돌릴 때 소음이 발생됩니다.

* 파워핸들 오일펌프 벨트 불량
-파워 핸들 벨트의 재질이 불량하거나 장력이 약하여 슬립 발생시 소음이 발생됩니다."
쉐보레,차량 관리,일반,[차량관리] 하얀색 배기가스가 많이 나오는데 해결방법은 무엇입니까?,"일반적으로 날씨가 추우면 배기가스가 흰 색을 띠는 것이 보통입니다만,
엑셀을 밟을 때마다 하얀 연기가 뭉실뭉실 나오면 이것은 엔진오일이 타고 있다는 신호일 수 있습니다.

또 경우에 따라서는 연료에 불순물이 섞여 있을 경우나, 냉각수 부족으로 엔진이 과열 되었을 때에도 하얀 배기 가스가 나옵니다. 어떤 경우이든 하얀색의 배기가스가 나오면 우선 냉각수 상황과 엔진오일의 적정 여부부터 점검하는 것이 순서입니다.

만일 냉각수나 엔진오일이 적정 수준이거나, 아니면 교환한지 얼마 지나지 않았음에도 하연색 배기가스가 나온 상태라면, 피스톤이나 실린더 벽이 마모되어 틈새가 많이 벌어졌거나, 피스톤과 실린더의 작동이 원활하도록 엔진오일 양을 조정하는 피스톤 링이 손상되었거나, 차가 연식이 오래된 경우라면 엔진을 밀봉해 주는 가스켓이 손상된 경우도 원인일 수 있습니다."
쉐보레,차량 관리,일반,[차량관리] 엔진체크등이 들어왔는데 어떻게 해야 하나요?,"■ 배기가스 자기진단 장치
자동차의 배기가스 관련 부품의 고장으로 인해 배기가스가 특정 수준 이상으로 올라가면, 자기진단 장치가 계기판에 있는 엔진정비지시등을 작동시켜 차량 서비스를 받아야 함을 운전자에게 알려줍니다. 이 차량에서 엔진정비지시등은 점등되거나 점멸하도록 설정되어 있습니다. 배기가스 관련 부품에 문제가 없으면 점화 스위치를 켰을 때 이 지시등은 점등되었다가 시동 후 몇 초 있다 꺼집니다. 그러나 이 엔진 정비 지시등이 주행 중에 계속 켜져 있거나 점멸하면 배기가스 관련 부품에 문제가 있을 가능성이 있습니다. 이런 경우에는 다음과 같은 조치가 필요합니다.
 

▶ 엔진정비지시등이 점멸할 때
심각한 실화(misfire)가 발생할 경우 점멸됩니다. 실화는 배기가스를 증가시키고 심각한 경우, 배기가스 제어 시스템을 손상시킬 수 있습니다. 엔진 정비 지시등이 점멸할 때에는 차량 손상 및 시동 꺼짐을 막기 위해 다음과 같은 조치를 취하십시오.

- 속도를 줄이십시오.
- 급가속을 피하십시오.
- 가파른 언덕 주행을 피하십시오.

지시등이 점멸을 멈추고 점등 상태를 유지할 경우에는 ""엔진정비지시등이 점등할 때""를 참조하십시오.
지시등이 계속 점멸되면 차량을 안전한 곳에 주차하십시오.
엔진을 끄고 약 10 초 후 다시 엔진 시동을 건 후 잠시 기다리십시오.
이때 지시등이 점등되면 ""엔진정비지시등이 점등할 때""를 참조하십시오.

그러나, 지시등이 계속 점멸하면 차량을 가장 가까운 당사 정비망으로 가져가 점검 및 서비스를 받으십시오.

▶ 엔진정비지시등이 점등할 때
차량의 배기가스 제어 시스템에 문제가 있을 때 점등됩니다.
엔진정비지시등이 점등되면 다음과 같은 경우에 해당 되는지 점검한 후 적절한 후속 조치를 취하십시오.
최근에 연료를 주입하고 연료 캡이 불확실하게 잠겼을 경우 지시등이 점등될 수 있습니다. 이 경우, 연료 캡을 연 후 다시 닫으십시오. 연료 캡이 완전히 잠겨 있지 않거나 부정확하게 잠겨 있을 때 점검 시스템이 작동됩니다.

이 경우, 연료 캡을 제대로 완전히 잠그고 차량을 특정운행 모드(차량 시동 -> 20 분 이상 주행 -> 30 초 이상 정지 -> 엔진 정지)로 2∼3 회 운행하면 지시등이 꺼지고 문제가 해결될 수 있습니다.

또한, 차량을 물웅덩이가 있는 구간을 운행을 하였다면 지시등이 점등될 수 있습니다. 이런 상황에서 운행시 차량의 전자 시스템이 젖을 수 있습니다. 이때 점검 시스템이 작동되어 지시등이 점등될 수 있습니다.

이 경우, 전자 시스템을 말린 후 차량을 일반 운행 모드로 2∼3 회 운행하면 지시등이 꺼지고 문제가 해결될 수 있습니다.

최근 잘못된 연료를 차량에 주유한 경우에도 지시등이 작동할 수 있습니다.
잘못된 연료를 사용하면 차량 전체에 문제를 일으켜 지시등이 점등될 수 있습니다.이 경우, 탱크 내의 모든 연료를 올바른 연료로 교체한 후 차량을 일반 운행 모드로 2∼3 회 운행하면 지시등이 꺼지고 문제가 해결될 수 있습니다.

현재 상황이 위의 경우에 해당되지 않으면, 차량을 가장 가까운 당사 정비망으로 가져가 점검 및 서비스를 받도록 하십시오."
쉐보레,차량 관리,일반,[차량관리] 배터리 방전시 점프 방법은 무엇입니까?,"배터리 방전의 경우 (+)극 연결은 방전된 배터리의(+)의 단자에 케이블을 연결하고 정상 배터리의(+)에 다른 한쪽의 케이블을 연결합니다. 

 

(-)극 연결은 정상 배터리의 (-)극을 케이블로 연결하고 방전 차량의 배터리(-)극에 케이블을 연결합니다. 

 

이때 양극 케이블을 먼저 연결하고 나중에 음극 케이블을 연결하십시오. 연결을 완료후 방전 차량의 시동을 겁니다. 

 

시동후 2~3분후 연결 케이블을 분리하며, 분리는 케이블 연결시의 역순으로 합니다."
쉐보레,차량 관리,일반,[차량관리] 필터교환후에도 에어컨 작동시 곰팡이 냄새를 제거하는 방법은 무엇입니까?,"일반적으로 공기온도 차이에 의한 냄새 발생이 있을 수 있는데, 최초로 작동되는 순간은 미처 차가워지지 않은 미지근한 바람이 나오다가 시간이 조금 지나 에어컨 가스(냉매)가 어느 정도 순환되면 찬 바람이 나오게 됩니다. 이렇게 공기의 온도변화가 심한 기간 중에는 그 온도차이에 의해 발생되는 냄새가 다소 날 수 있습니다.

 

그리고 에어컨 에바포레이터나 통풍구 안으로 이물질이 유입되는 경우, 주입된 이물질과 습기가 혼합되어 에바포레이터나 통풍구에 점착되면 세균번식 또는 부식에 의한 냄새가 발생됩니다. 따라서 에어컨을 켜고 주행을 하시다가 목적지에 도달하기 약 5분 정도 전에는 에어컨을 미리 꺼주시고, 그냥 송풍상태로 놓아주시면 냄새 발생을 예방할 수 있습니다."
쉐보레,차량 관리,일반,[차량관리] 신호 대기나 공회전시 자동변속기 위치는 N과 P 중 어떤 위치로 하는게 좋을까요?,"일반적으로 D에서 rpm이 낮은 것은 엔진 출력에 부하가 걸려있기 때문입니다.

 

부하가 걸려 있으면 그만큼 연료소비가 더 많이 되기 때문에 D상태보다는 N상태에서 연료소비는 더 적다고 볼 수 있습니다. 

 

그러나 신호등이 바뀐 뒤 D상태로 옮기고 갑자기 액셀레이터를 밟으면 연료 소모량이 더 많아지기 때문에 대기시 D상태인지 N상태인지가 연비에 결정적인 영향을 미친다고 보기는 어렵습니다. 

 

짧은 신호대기나 1분 이내의 정차시에는 D상태에 놓고, 그 이상일 경우 N으로 변속하는 것이 연비 향상에도 도움이 되고, 미션에도 무리를 주지 않는 가장 좋은 방법이라 할 수 있습니다."
쉐보레,차량 관리,일반,[차량관리] 수동변속기 출발시 몇단에서 하나요?,수동변속기는 1단에서 출발합니다.
쉐보레,차량 관리,일반,[차량관리] P에서 기어가 빠지지 않습니다 어떻게 해야하나요?(쉬프트락),"변속기 P위치에서 다른 기어로 변속이 되지 않는다면, 우선 시동을 끈 상태에서 키를 기어박스에 있는 쉬프르록 릴리스 홈에 꽂아 주시고, 

 

키를 꽂은 상태에서 변속레버의 측면 버튼을 눌러 P에서 N 위치로 옮기십시오. 

 

다시 키를 빼서 시동을 걸고 변속레버를 D 위치로 옮겨 운행해주시기 바랍니다. 

 

실 차를 보지 않은 상황이기 때문에 정확한 진단이 어렵습니다만, 셀렉트 레버의 'p'포지션 스위치의 이상, 브레이크 스위치의 손상, BTSI 유니트의 고장, BTSI 솔레노이드가 제어되지 않는 경우일 수 있습니다. 번거로우시더라도 가까운 쉐보레 서비스 네트워크로 입고하여 상세한 점검 받아보시기 바랍니다."
쉐보레,차량 관리,일반,"[차량관리] 침수, 폭설시 차량관리방법은 무엇입니까?","침수된 차량은 절대 시동을 바로 걸어서는 안되며, 24시간 이내 흙탕물 및 이물질을 제거/세척해야 합니다. 

 

또한 직물로 된 시트는 분해하여 고압 분무기로 세척하고, 침수된 모든 부품을 분해하여 깨끗한 물로 세척 후 건조 시킵니다. 

 

차체와 내장재 모두를 분리하여 세척하고 차체 및 건조된 모든 부품과 장치는 방청제를 충분히 도포하여야 합니다. 

 

이때 전기장치 회로를 주의하여야 합니다. 엔진오일 등의 오일류는 모두 교환하며, 모든 부품과 장치를 조립 후 최종 전기 장치를 연결합니다. 

 

폭설시 가능한한 지하주차장에 차량을 보관하시고, 불가능하여 야외 주차를 하실 경우, 차유리에 신문지나 박스를 덮어놓으면 결빙을 막는데 큰 도움이 됩니다. 또한 사이드 브레이크가 얼어 풀리지 않을 수 있으므로 평지에서 사이드 브레이크를 풀어놓는 것이 좋습니다. 

 

또한 차유리에 결빙이 생겼을 경우, 억지로 긁어내지 말고 히터를 켜 녹이는 게 효과적입니다. 키홀더가 얼었을 경우에는 키를 라이터 불로 가열한 뒤 꽂으면 쉽게 열립니다. 폭설시 차량으로 급출발을 하면 바퀴가 헛돌기 쉬우므로 가속페달을 살짝 밟아 완만한 출발을 합니다. 

 

또한 제동시 차량이 미끄러지면서 돌 경우, 브레이크에서 발을 떼야 차가 제방향을 잡으며, 브레이크를 밟기 전에는 기어를 2단이나 1단으로 낮춰 속도를 줄이는 것이 안전합니다. 워셔액과 부동액은 미리 월동용으로 챙기는 것이 중요하며, 눈길을 운행한 뒤에는 도로위에 뿌려진 염화칼슘이 차에 달라붙어 부식을 일으키므로 반드시 차량 하부 세차를 해주는 것이 좋습니다."
쉐보레,차량 관리,일반,[차량관리] 내비게이션 업데이트 시 USB 및 SD카드 용량은 어떻게 되나요?,"토스카, 윈스톰 뉴클래스 DMB 내비게이션 USB 용량은 8기가입니다."
쉐보레,차량 관리,일반,[차량관리] 템포러리 임시 타이어를 적용한 이유는 무엇입니까?,"일부 차량의 경우, 템포러리 타입의 스페어 타이어가 적용되어 있습니다. 

 

템포러리 타이어는 펑크가 났을 때 가까운 서비스센터까지 이동하기 위한 임시타이어로, 투박하지만 가벼운 임시 휠을 쓰고, 타이어의 편평비도 작게 바뀌었다는 점이 기존 스페어 타이어와의 다른 점 입니다. 

 

높이는 정상 타이어와 똑같지만 휠사이즈는 1~2인치 정도 작아 정상품이 아닌 것처럼 보일 수 있으나, 기존의 스페어 타이어에 비해 응급상황에서의 조치를 손쉽게 할 수 있으며, 무게의 경량화로 인하여 연비 향상에도 기여하는 장점이 있습니다."
쉐보레,차량 관리,일반,[차량관리] 리페어 킷을 적용한 이유는 무엇입니까?,"일부 차량의 경우, 차량의 무게를 증가시키는 스페어 타이어를 제거하고, 운전자가 손쉽게 응급처리를 할 수 있는 ""타이어 리페어 킷""을 적용하였습니다. 

 

타이어 리페어 킷은 기존 스페어 타이어를 대체하는 제품으로, 펑크가 났을 때 액체 봉합제를 컴프레셔를 통해 타이어에 주입하여 손상된 타이어를 임시 수리할 수 있어 편리하며, 현재 해외의 다수 차량이 리페어 킷을 적용하는 추세입니다."
쉐보레,차량 관리,일반,[차량관리] 동절기 스노우 체인 장착시 체인 장착 위치는 어디입니까?,스노우 체인은 구동축(전륜 - 앞바퀴 / 후륜 - 뒷바퀴)에 장착을 하시면 됩니다.
쉐보레,차량 관리,일반,[차량관리] 차종별 핸들 사이즈를 문의하려면 어떻게 해야하나요?,"라노스 (줄리엣) 핸들 사이즈 넓이 385mm , 높이 154mm 

 

라세티 380 π (mm) 

 

라세티 프리미어 370mm 

 

마티즈 크리에이티브 370mm 

 

매그너스 390mm 

 

알페온 380mm 

 

올란도 370mm 

 

아베오 370mm"
쉐보레,차량 관리,일반,[차량관리] 차종별 와이퍼 사이즈 문의(리어와이퍼 / 좌 우 와이퍼 분리하여)하려면 어떻게 해야하나요?,"에스페로 / 19 / 19 / -
프린스 / 19 / 19 / -
브로엄 / 19 / 19 / -
아카디아 / 21.6(555MM) / 18.7(480MM) / -
씨에로 / 18.9(480MM) / 18.9(480MM) / -
넥시아 / 18.9(480MM) / 18.9(480MM) / 18.9(480MM)
레간자 / 22 / 19 / -
매그너스 / 22 / 20 / -
스테이츠맨 / 22 / 20 / -
레조 / 24 / 19 / 15
마티즈 / 20 / 16 / 14
뉴마티즈 / 22 / 14 / 12
마티즈 크리에이티브 / 23 / 15 / 12.4
칼로스 / 22 / 16 / -
칼로스V / 22 / 16 / 15
젠트라 / 22 / 16 / -
젠트라X / 22 / 16 / 15
아베오 / 650MM / 380MM / 265MM
라세티 / 22 / 19 / -
라세티왜건 / 22 / 19 / 13.78(350MM)
라세티5 / 22 / 19 / 15.7(400MM)
라세티프리미어 / 24(605MM) / 18(455MM) / -
토스카 / 22 / 20 / -
윈스톰 / 24 / 16 / 12
윈스톰 맥스 / 23(600MM) / 15(400MM) / 12(315MM)
올란도 / 24(600MM) / 19(475MM) / 250MM
G2X / 15.7(400MM) / 21.6(550MM) / -
베리타스 / 650MM / 380MM / -
알페온 / 645MM / 440MM / -"
쉐보레,차량 관리,일반,[차량관리] 차종별 네비게이션 업데이트 방법 (홈페이지 / 서비스센터)은 무엇입니까?,"순정 내비게이션은 
 

대성엘텍(고객지원센터 ☎ 031-650-1891) 제품입니다. 



대성엘텍 홈페이지 http://www.dseltec.co.kr 를 통해 다운로드 받아주시거나, 쉐보레 직영 서비스센터로 방문하여 업데이트를 받아보시기 바랍니다. 


차종 및 내비게이션 모델에 따라 CD를 구입하여 업데이트를 하는 방식도 있으니 보다 자세한 사항은 한국지엠 고객센터 ☎ 080-3000-5000 로 


문의하시면 상세히 안내 받아보실 수 있습니다."
쉐보레,차량 관리,일반,[차량관리] RPM게이지가 오르락 내리락 반복하는 이유는 무엇입니까?,"RPM이 불안정한 원인으로는 우선 스로틀포지션센서의 이상을 원인으로 생각해볼 수 있습니다. 


스로틀포지션센서는 스로틀밸브의 열림량을 감지하는 센서로, 공회전, 가속, 감속 상태 등의 신호를 ECM에 제공하여 연료의 분사량, 점화시기 등을 보정하여 주는 역할을 합니다. 만약 스로틀포지션센서에서 차량 상태를 제대로 감지하지 못하였을 경우 ECM에 잘못된 프로그램이 입력되고, 적절한 RPM으로 조절되지 않을 수 있습니다. 


IAC밸브의 이상도 예측해볼 수 있으므로 IAC는 엔진의 운전조건에 따라 ECM이 각종 센서의 정보를 받아 적절한 RPM이 되도록 공기량을 조절해주는 역할을 합니다. 역시 IAC밸브가 공기량을 제대로 조절하지 못할 경우 RPM이 불안정해지게 되고 시동이 꺼질 수 있습니다. 


정확한 것은 저희 쉐보레 서비스 네트워크로 입고하여 상세한 점검 받아보시기 바랍니다."
쉐보레,차량 관리,일반,[차량관리] 장마철 겨울철 성에 재거 요령에 대해 알고싶습니다.,"겨울철 유리에 낀 서리나 성에, 눈을 제거할 때에는 히터 송풍구를 차창쪽으로 향하게 하고, 어느 정도 녹인 후에 제거하는 것이 좋습니다. 


성에 제거제를 미리 구입해 두거나 주차때 신문지 같은 것으로 차 유리를 덮어 놓으면 불편을 덜 수 있습니다."
쉐보레,차량 관리,일반,[차량관리] 연료 부족 경고등 점등시 주행 가능한 거리는 어떻게 됩니까?,"운전자의 주행 성향 및 도로 주행조건, 차량 속도 등에 따라 실제 주행가능 거리는 달라질 수 있습니다. 잔류 연료량과 고객님의 평소 운행 연비로 계산을 해보시면 가장 정확합니다."
쉐보레,차량 관리,일반,[차량관리] 차종별 연료 부족 경고등 점등시 대처하는 방법은 무엇입니까?,"보통 승용차는 연료 최대 주입량의 10% 정도가 남으면 연료 경고등이 켜집니다.

연료탱크 용량이 70리터인 중.대형차라면 7리터 정도 남았을 때 경고등이 점등됩니다. 평균 연비를 계산하면 50~60km는 더 달릴 수 있으나 교통정체가 심한 지역이거나 급한 마음에 무리하게 가속 또는 감속하면서 운행한다면 더 빨리 연료가 바닥납니다.

불가피하게 연료가 부족해 시동이 꺼지는 상황이 발생하더라도 자동차 보험사의 긴급출동서비스를 이용하시면 비상급유 서비스가 지원되기 때문에 크게 걱정하지 않으셔도 됩니다.
 

여의치 않을 경우에는 차체를 힘껏 몇 차례 흔들면 울퉁불퉁하게 생긴 연료탱크 바닥에 남아있는 연료가 찰랑거리면서 연료라인으로 흡입돼 짧은 시동이 걸립니다.
 

도로상에서 차가 멈췄을 때 가까운 안전지대까지 움직이는데 유용한 방법이나, 여러차례 시동을 걸면 스타트모터가 손상될 수 있으므로 무리하지 않는 게 좋습니다."
쉐보레,차량 관리,일반,[차량관리] 연료 탱크 용량보다 연료가 많이 들어가는 원인은 무엇입니까?,"연료탱크 용량보다 연료가 더 들어갈 수 있습니다. 


차량 제원표에 기재하는 용량은 차량운행 시 안전확보를 위해 여유공간을 고려해서 주입할 수 있는 주유량을 나타내기 때문이며, 노즐까지 꽉 채운다면 더 많이 들어갈 수 있습니다. 가솔린이 액체이기 때문에 기온변화에 따른 열팽창계수나, 가솔린에서 발생하는 증발가스의 체적(베이퍼덤)까지 고려해서 일정 %의 안전계수를 두어 설계를 하기 때문에 실제 탱크의 용량은 커지게 됩니다. 


또한, 주유시에는 차량의 위치 및 기울임, 주입속도 등에 따라서 주유되는 양이 달라질 수 있으며, 주유 조건에 따라 초과 주유가 가능할 수 있습니다."
쉐보레,차량 관리,일반,"[차량관리] 예열, 후열 방법에 대해 알고싶습니다.","예열방법: 


차량예열은 1~2 분이 적당합니다. 처음 시동을 걸어놓으면 RPM 은 높으나 시간이 지나면서 RPM수는 낮아지고 엔진의 소리도 달라지며 보통 RPM 이 1000 이나 그 이하로 내려가면 충분히 예열이 된 것입니다. 


(계기판에는 천 단위로 되어있어서 1 이나 그 이하로 내려가야 합니다) 차마다 다르지만 보통 1000 이나 그 이하가 가장 적당합니다. 


후열방법: 


단거리 주행시를 제외하고 후열은 주행 후 목적지에 도착하시기 10분 정도 전쯤부터 서행하시는 것으로 힘드시면 주차 후 약 1분 정도 기다렸다가 시동을 끄는 게 가장 좋습니다. 여름철에는 엔진의 열이 갑작스럽게 식지 않기 때문에 30초에서 1분정도면 충분합니다. 겨울은 날씨가 추운 반면, 


차량의 엔진은 뜨거우니 엔진을 그냥 꺼주시면 엔진의 높은 온도가 겨울철의 차가운 날씨에 반응을 하게 되어 차에 좋지 않습니다."
쉐보레,차량 관리,일반,[차량관리] DPD 재생시 주행 방법에 대해 알고싶습니다.,"DPF 표시등이 점등 또는 점멸되면 도로와 교통 상황에 맞춰 약 15분 동안 50km/h 이상으로 주행하시기 바랍니다. 매연입자가 일정량 이하로 내려가면 DPF 표시등은 소등됩니다. DPF 표시등이 점등 또는 점멸 도중에 시동을 끄면, 연료 소모율 증가 또는 엔진오일 수명이 감소할 수 있습니다. 


특히 점멸할 경우에는 반드시 DPF 표시등이 소등될 때까지 주행 상태를 유지하시기 바랍니다."
쉐보레,차량 관리,일반,[차량관리] DPF 재생을 내 차만 자주 하는 이유는 무엇입니까?,"DPF에 쌓이는 매연을 태우는 작업을 재생이라 하며, DPF는 DPF에 매연입자가 일정량 이상이고, 주행조건이 재생에 가능하면 재생 작동을 합니다. 


그러므로 매연이 많이 발생하는 차량은 재생을 자주하게 되고, 매연 발생이 적은 차량은 재생 간격이 길어지게 됩니다. 


잦은 DPF 작동으로 인해 염려가 되신다면 정비 기사분이 실 차 점검을 통해 정확히 진단해드릴 수 있도록 저희 쉐보레 서비스 네트워크로 


입고하여 주시기 바랍니다."
쉐보레,차량 관리,일반,[차량관리] DPF 경고등이 점등되는 원인은 무엇입니까?,"DPF는 매연여과장치(Diesel Particulate Filter)로, 엔진에서 연소된 후의 배기가스를 줄이고 매연의 입자를 포집하여 대기중 매연 방출을 최소화 하는 역할을 합니다.
 

DPF에 매연입자가 일정량 이상 모이면 DPF 표시등이 점등 또는 점멸될 수 있으며, DPF 표시등이 점등 또는 점멸되면 ""재생"" 과정을 통해 매연입자는 연소되어야 합니다.
 

이 표시등이 점등 또는 점멸되면 도로와 교통 상황에 맞춰 약 15분 동안 50km/h 이상으로 주행하시기 바랍니다.
매연입자가 일정량 이하로 내려가면 DPF 표시등은 소등됩니다."
쉐보레,차량 관리,일반,[차량관리] O/D OFF 경고등이 계속 점등되는 원인은 무엇입니까?,"자동변속기의 오버드라이브 해제 버튼을 누르면 계기판에 O/D OFF 표시등이 점등되면서 오버드라이브 기능이 해제되어 1단~3단으로만 주행하게 됩니다. 


다시 한 번 스위치를 누르면 표시등이 소등되면서 1단~4단으로 주행 가능한 오버드라이브 모드로 전환됩니다. 


오버드라이브 모드 해제는 변속 시 누르는 자동변속기 레버 측면을 보시면 작은 버튼이 하나 더 있습니다. 


이 버튼이 오버드라이브 버튼이며, 버튼을 누르면 오버드라이브 모드로 전환이 되고, 다시 한 번 누르면 오버드라이브가 해제됩니다."
쉐보레,차량 관리,일반,[차량관리] 동절기 차량 관리 요령에 대해 알고싶습니다.,"일반타이어에 비해 겨울용 타이어는 눈길정지거리 테스트가 강하며, 타이어 점검시 중앙선과 옆면의 마모한계선까지 타이어가 닳아있으면 교체해주어야 합니다. 타이어의 공기압도 겨울철엔 공기를 약간 덜 채워넣어 타이어의 접지력을 높입니다. 


겨울철 부동액의 알맞은 비율은 부동액과 물을 5:5 비율로 섞습니다. 부동액이 많이 남아있더라도 푸른빛이 아닌 갈색이나 붉은빛이라면 교환해주어야 합니다. 부동액은 그 지방 최저온도보다 5도 정도 낮게 맞춰줘야하며, 수도권의 경우 영하 25도 정도, 스키장을 자주가는 경우 영하 30~영하 35도 정도 맞춰줍니다. 


배터리는 화학적 특성상 영하의 날씨가 되면 원래보다 20%정도 성능이 떨어지기 때문에 평상시 잘 걸리던 시동이 겨울철에는 잘 걸리지 않습니다. 대부분 배터리에는 표면에 지시등이 있어 배터리의 상태를 점검할 수 있으며, 정상일 때는 녹색, 검은색일 때는 전해액 보충, 흰색일 때는 교환을 해주어야 합니다. 또한 히터 점검으로 따뜻한 바람이 나오지 않을 경우는 히터 모터가 돌아가지 않는 것이므로, 이때에는 퓨즈와 전기장치를 점검합니다. 히터의 모터 계통에 고장이 발생한 경우에는 모터를 교환해줘야 합니다. 히터 모터를 비롯해 소형 모터류는 수리를 해서 재사용하는 것이 아니라, 소모품이기 때문에 통째로 교체해주어야 합니다. 겨울에는 창문을 닫고 히터를 가동하므로 차량의 공기오염이 문제가 되는데, 차량의 항균필터의 실내공기필터를 15,000km 마다 갈아주어야 합니다. 겨울철에는 기온의 변화가 심하기 때문에 엔진오일 점검을 해서 교환시기가 됐다면 미리 교환해주어야 합니다. 특히 노면이 좋지 않은 겨울철에는 브레이크 오일, 브레이크 패드, 라이닝을 함께 점검해주는 것이 좋습니다."
쉐보레,차량 관리,일반,[차량관리] 가을철 차량관리 방법에 대해 알고싶습니다.,"여름철 바닷가 여행 직후 세차를 꼼꼼히 해줘야 염분으로 인한 차체의 부식 촉진을 방지할 수 있습니다. 


도어와 트렁크를 활짝 열고 먼지와 이물질 등을 제거하고, 또한 곰팡이가 끼었는지 자세히 살피고, 곰팡이 제거제등을 사용하여 깨끗이 청소합니다. 


엔진 룸 청소는 엔진 본체와 실린더 헤드 커버 등에 끼어있기 쉬운 기름 먼지를 닦아내는 것이 우선 할 일이고, 엔진 오일, 브레이크 오일이나 냉각수 등이 새는지 면밀히 점검해야 합니다. 만약 새는 곳을 발견하면 가까운 정비업체에서 점검을 받도록 합니다. 


겨울철에 대비하여 낡은 타이어는 미리 교환해 놓는 것이 좋으며, 타이어의 트레드 마모 등를 검사하고, 옆면의 상처와 흠을 점검해 보아야 합니다. 


또한 스노우 체인도 미리 꺼내 녹 등을 제거하고, 사용방법에 대해서도 한번쯤 습득해 놓아야 합니다."
쉐보레,차량 관리,일반,[차량관리] 여름철 차량 관리 방법에 대해 알고싶습니다.,"여름철 가장 많이 사용하는 에어컨은 날씨가 더워지기 전에 미리 작동 상태를 확인해보시기 바랍니다. 


(에어컨은 계절에 관계없이 에어컨 장치를 보호하기 위해 일주일에 5~10분간 작동시켜 주시기 바랍니다.) 


냉각장치는 엔진의 과열을 방지해주시는 역할을 합니다. 미리 냉각장치와 냉각수의 양을 점검하시기 바랍니다. 


장마철이 오기 전에 와이퍼 작동 상태를 점검해보시기 바랍니다. 


뜨거운 노면 위에서 브레이크 페달을 자주 밟으면 패드와 라이닝이 가열되어 페이드 현상을 일으키며 제동거리가 길어질 수 있습니다. 


브레이크의 이상유무를 점검해보시기 바랍니다."
쉐보레,차량 관리,일반,[차량관리] 봄맞이 차량 관리 방법에 대해 알고싶습니다.,"겨울철 염화칼슘을 뿌린 도로를 주행한 경우에는 차체 하부 부식 예방을 위해 반드시 세척을 하시기 바랍니다. 


황사가 자주 일어나는 봄에는 에어컨필터와 공기청정기 필터 등의 오염도를 점검하여 쾌적한 실내 환경을 유지시켜 주시기 바랍니다. 


스노우 타이어를 사용하셨다면 다시 일반 타이어로 교체해주시고, 겨울철 노면과의 마찰력을 높이기 위해 타이어 공기압을 규정치보다 낮춘 경우에는 다시 규정 공기압으로 높여주시기 바랍니다."
쉐보레,차량 관리,일반,[차량관리] 세차시 유의사항은 무엇입니까?,"1) 세차시 가급적 그늘에서 작업해주십시오. 또한 차량 표면의 물방울이 렌즈역할을 해서 물방울 아래에 있는 도장면을 손상시킬 가능성이 있습니다. (워터스팟 현상) 


2) 세차 스펀지가 항상 충분한 물기와 카샴푸를 머금도록 자주 적셔주십시오. 


3) 항상 높은 곳에서부터 작업합니다. (지붕-본넷, 트렁크순) 


4) 1시간 이상의 고속주행후 바로 세차하시지 마십시오. 고속주행후 휠 및 디스크 로터는 매우 뜨겁습니다. 이상태에서 차가운 물을 뿌리면 디스크로터가 열변형으로 휘게 됩니다."
쉐보레,차량 관리,일반,[차량관리] 최초 소모품 교환 시점(엔진오일 등)이 언제인지 알고싶습니다.,"일반적으로 엔진 제조 시에 생길 수 있는 슬러지를 배출하기 위해 1,000km 주행 후 엔진오일을 교환하였으나 최근에 생산되는 차량은 엔진 제조 기술이 향상되어 이와 같은 점을 염려하지 않으셔도 됩니다. 따라서 취급설명서에 안내된 주기점검표를 참고로 매 15,000km 또는 12개월 마다 교환을 하시면 됩니다. 단, 짧은 거리의 반복적인 주행 및 정차, 출발이 잦은 시내주행으로 공회전 및 저속 운행이 빈번하거나, 비포장도로를 자주 주행하였을 경우에는 교환주기보다 자주 교환해 주시는 것이 좋습니다. 


간혹 정비 현장에서 정비사들께서 현장 경험을 토대로 이른 오일 교환을 권장하는 경우도 있는데, 주행 환경이나 차량 상태에 따라 적절한 시기에 소모품을 교환해주는 것이 최적이니 취급설명서의 교환주기를 준수하시되 정비사의 의견을 잘 수렴하여 차량 상태에 맞게 소모품 관리를 해주신다면 보다 효과적인 차량관리를 하실수 있습니다."
쉐보레,차량 관리,일반,[차량관리] 신차 길들이는 방법을 알고싶습니다.,"1) 과속, 급가속, 급제동 등을 삼가합니다. 


2) 차량을 길들인다고 정지시나 주행시 엔진회전수를 지나치게 높게 상승시키는 것은 잘못된 방법이며, 엔진 회전수가 3,000rpm 이내의 범위에서 주행하도록 합니다. 


3) 가급적 가혹 조건에서의 운행(정체지역 반복주행, 비포장도로, 산악지역 및 험로운행 등)을 삼가합니다. 


4) 주행 속도에 알맞는 변속을 합니다. 


5) 장시간 엔진을 공회전시키지 않습니다. 


6) 에어클리너의 청결유지 및 출고상태의 차량외관을 유지합니다."
쉐보레,오토카드,일반,[포인트카드] 오토포인트 적립 제한 항목이 있습니까?,"쉐보레 롯데 카드

전 가맹점 무이자 할부 이용 시 포인트 적립되지 않습니다.

지방세(자동차세 포함)납부액에 대해서는 포인트 적립되지 않습니다.

오토포인트는 100원 단위는 절사되어 적립됩니다.

예)1999원 결제시 999원 절사된 1000원에 대한 포인트(3%) 30원 적립"
쉐보레,오토카드,일반,"[포인트카드] 오토포인트 사용시 최소한도가 있는지, 최대한도는 어떻게 되는지 알고싶습니다.","오토포인트는 ""일정금액 이상시 오토포인트 사용""은 없습니다.

단, 차량 구입시에는 천포인트 단위로만 사용이 가능하며, 최대 200만 포인트를 사용할 수 있습니다.

정비시에는 연 10만 포인트 한도에서 1회 3만 포인트까지만 사용 가능하며, 3만 포인트 이하 포인트 사용에 대하여는 최소 한도는 없습니다."
쉐보레,오토카드,일반,"[포인트카드] 신차 구입시 부부, 형제, 자녀 등 사용 가능한 포인트 범위는 무엇입니까?",쉐보레 자동차 신차 구입 시 부모/배우자/자녀 포인트를 합산하여 최대 200만 포인트까지 사용 가능합니다.
쉐보레,오토카드,일반,[포인트카드] 오토포인트 확인하는 방법은 무엇입니까?,"오토포인트는 쉐보레 홈페이지의 쉐비케어 → 마이 쉐보레 → 포인트 조회 또는 고객센터(☎ 080-3000-5000)를 통해 확인 가능합니다. 그리고 해당 카드사를 통해서도 확인 가능합니다.

- 삼성카드 : 홈페이지 www.samsungcard.co.kr 고객센터 ☎ 1588-8700
- 롯데카드 : 홈페이지 www.lottecard.co.kr 고객센터 ☎ 1577-8500"
쉐보레,오토카드,일반,[포인트카드] 오토포인트 양도가 가능한지 알고싶습니다.,오토포인트는 양도할 수 없습니다.
쉐보레,오토카드,일반,[포인트카드] 오토포인트 기부가 가능한지를 알고싶습니다.,"오토포인트는 차량 구입 및 정비시 이용 가능하며, 기부 제도는 없습니다."
쉐보레,오토카드,일반,[포인트카드] 오토포인트 사용 및 오토카드 할인(정비시 5%) 중복 가능한지를 알고싶습니다.,"오토포인트 사용 및 오토카드 할인은 중복 적용 가능합니다.

쉐보레 오토카드로 수리비 결제 시 5% 현장 할인(지정정비는 공임 5% 할인) 해 드리며, 할인된 금액에서 오토포인트를 사용하시면 됩니다.

단, 오토포인트는 정비시 1일 1회 3만, 연 10만 포인트 한도 내에서 사용 가능합니다."
쉐보레,오토카드,일반,[포인트카드] 연체시 포인트 적립 가능 여부를 알고싶습니다.,"차량 구매 시 미리 차감된 선포인트 금액은 선포인트 결제일로부터 정해진 상환기간 내에 선포인트서비스 대상카드 이용금액(일시불 및 할부금)의 2~5%에 상응하는 선포인트를 이용하여 상환하게 됩니다. 단, 선포인트 서비스 이용 차량 구매를 위한 카드 결제 금액에 대해서는 500만원까지는 2%(10만원에 해당)의 상환율이 적용되며, 초과금액에 대해서는 해당카드의 기본 포인트가 적립됩니다.

가족카드가 선포인트 서비스 대상카드인 경우, 해당 가족카드 이용시에도 동일 기준으로 선포인트 금액이 자동 상환됩니다.

선포인트는 선포인트 금액에 상환되는 포인트로 적립형 포인트가 아닙니다.

선포인트는 선포인트 서비스 이용 전에 신청에 의해 제공되며, 선포인트의 금액은 1포인트 당 1원으로 환산되어 적용됩니다."
쉐보레,오토카드,일반,[포인트카드] 기존 지엠대우 오토카드는 그대로 사용하면 되나요?,"네, 남은 유효기간 동안 그대로 사용하시면 됩니다."
쉐보레,오토카드,일반,[포인트카드] 잔여 선포인트 확인 방법은 무엇입니까?,"잔여 선포인트는 해당 카드사 홈페이지나 선포인트 센터, 대금 청구서를 통해 확인 가능합니다

선포인트 센터

- 삼성카드 선포인트센터 ☎ 1588-8750
- 롯데카드 선포인트센터 ☎ 1577-8700

홈페이지

- 삼성카드 홈페이지 : www.samsungcard.co.kr
- 롯데카드 홈페이지 : www.lottecard.co.kr"
쉐보레,오토카드,일반,"[포인트카드] 선포인트 상환 방법, 상환기한은 어떻게되나요?","차량 구매 시 미리 차감된 선포인트 금액은 선포인트 결제일로부터 정해진 상환기간 내에 선포인트서비스 대상카드 이용금액(일시불 및 할부금)의 2~5%에 상응하는 선포인트를 이용하여 상환하게 됩니다. 상환기간은 차종, 선포인트 금액 및 카드사에 따라 다릅니다.

▶ 트레일블레이저 / 트랙스 크로스오버
- 선포인트 금액 : 30만원
- 상환기간 : 삼성 22개월, 롯데 24개월"
쉐보레,오토카드,일반,"[포인트카드] 오토카드 변경 시, 그 동안의 포인트는 (Autopoint 이외에 카드사 포인트) 사용가능 한가요?","네, 기 적립 포인트(오토포인트 및 각 카드사 운영 포인트)는 기존과 동일하게 사용가능 합니다."
쉐보레,오토카드,일반,[포인트카드] 선포인트가 무엇인가요?,선포인트는 포인트로 먼저 할인받을 수 있는 포인트 할인 프로그램입니다.
쉐보레,통합계정 및 홈페이지 이용,일반,[통합계정] 통합계정이란 무엇인가요?,한 개의 계정으로 GM의 모든 브랜드 차량을 관리하고 모든 브랜드의 온라인 서비스를 이용 할 수 있는 통합계정 시스템 입니다.
쉐보레,통합계정 및 홈페이지 이용,일반,[통합계정] GM 통합계정에는 어떻게 로그인 하나요?,본인의 이메일과 비밀번호 설정 및 본인인증을 통해 GM 통합계정 회원가입을 하실 수 있습니다. 한 번의 회원가입으로 GM의 모든 브랜드 홈페이지 및 앱에서 로그인 하실 수 있습니다.
쉐보레,통합계정 및 홈페이지 이용,일반,[통합계정] 비밀번호를 잊었을 때는 어떻게 해야 하나요?,홈페이지 및 앱 통합계정 로그인 화면 하단에 비밀번호 찾기 링크를 통하여 재설정 하실 수 있습니다.
쉐보레,통합계정 및 홈페이지 이용,일반,[통합계정] 내 이메일 혹은 비밀번호를 바꿀 수 있나요?,"변경은 홈페이지를 통해 가능하며, 로그인 후 회원정보 페이지 메뉴에서 보안 >> 이메일 변경을 통해 이메일을, 보안 >> 비밀번호 변경 을 통해 비밀번호를 변경 하실 수 있습니다.  안내에 따라 인증 절차를 완료해주세요."
쉐보레,통합계정 및 홈페이지 이용,일반,[통합계정] 내 계정에서 차량 추가 등록 또는 삭제는 어떻게 하나요?,홈페이지에서 로그인 후 오른쪽에 내 계정 아이콘을 클릭하시면  차량 관리 메뉴에 접속하실 수 있습니다. 안내에 따라 차량을 등록 또는 삭제 하실 수 있습니다.
쉐보레,통합계정 및 홈페이지 이용,일반,[통합계정] 온스타 서비스를 사용하고 싶습니다. 통합계정이 있어야 하나요?,통합계정에 가입해야 온스타 계정을 생성할 수 있습니다.  통합 계정은 홈페이지 회원가입을 통해 생성 가능합니다.
쉐보레,통합계정 및 홈페이지 이용,일반,[통합계정] 가입한 이메일을 잊었습니다. 어떻게 찾을 수 있나요?,"홈페이지 내 이메일 계정 찾기 링크를 통해 본인 인증을 완료 하시면 기 등록된 이메일을 확인 하실 수 있습니다.  

(https://www.chevrolet.co.kr/member/id-check.gm )"
쉐보레,통합계정 및 홈페이지 이용,일반,[통합계정] 통합계정 탈퇴 (혹은 통합계정 회원 삭제)는 어떻게 하나요?,통합계정 탈퇴 (혹은 통합계정 회원 삭제)는 홈페이지를 통해 요청할 수 있습니다. 고객 아이디로 홈페이지에 로그인한 후 화면 오른편 상단의 계정을 클릭하시면 통합계정 탈퇴 메뉴를 확인하실 수 있습니다. 완료되면 고객님의 이메일을 통해 알림을 보내드립니다.
쉐보레,통합계정 및 홈페이지 이용,일반,[통합계정]이전 통합 계정 전환 캠페인에 참여하지 않았습니다. 어떻게 로그인 해야 하나요?,통합계정 전환 캠페인에 참여하지 않으셨으면 이전 계정 정보는 모두 삭제 됩니다. 새 이메일로 회원 가입을 진행 해 주세요. 차고에 해당 차량을 등록하시면 이전 정비 이력 및 구매 이력을 확인 하실 수 있습니다.
쉐보레,통합계정 및 홈페이지 이용,일반,[통합계정] 회원 탈퇴 후 재가입시 동일한 이메일로 가입 가능한가요?,회원 탈퇴(또는 계정 삭제) 후 동일한 이메일로 재가입 가능합니다.
쉐보레,통합계정 및 홈페이지 이용,일반,[홈페이지 이용] 홈페이지 회원가입 시 본인 인증 방법에 대해서 알고 싶습니다.,"고객님의 소중한 개인정보 보호를 위해 NICE신용평가정보의 안심체크 서비스와 아이핀 인증을 통해 본인 인증을 할 수 있습니다.  

안심체크 서비스는 NICE신용평가가 보유한 고객정보(생년월일, 성별, 성명, 유선전화 또는 주소)로 본인인증을 제공합니다.  

또한, 최초 1회 안심패스를 설정하시면, 추후 간편한 절차로 안전하게 본인 인증을 할 수 있습니다. NICE신용평가정보에서 제공하는 개인정보와 고객님께서 입력하신 정보가 일치하지 않는 경우, 안심체크 서비스로 본인 인증에 실패하게 되며 이때는 아이핀 인증으로만 본인인증이 가능합니다."
쉐보레,통합계정 및 홈페이지 이용,일반,[홈페이지 이용] 안심체크로 본인 인증에 실패하였습니다. 본인 인증을 할 수 있는 다른 방법은 무엇인가요?,"안심체크로 본인의 생년월일, 성별, 성명 정보로 인증이 되지 않을 경우 먼저 안심체크의 인증 실패 안내에서 실명확인 재시도를 하시고 실명 정보를 등록하시면 됩니다. 실명확인에 필요한 전화번호, 주소 정보가 확인이 안되면 아이핀 인증 버튼을 선택하여 아이핀을 신규 발급받으시고 기존에 아이핀을 발급받은 고객님의 경우에는 보유하고 계신 아이핀으로 실명확인을 하시면 됩니다."
쉐보레,통합계정 및 홈페이지 이용,일반,[홈페이지 이용] 고객센터 운영시간은 어떻게 되나요?,"평일 고객센터 운영시간은 09:00~18:00 입니다.  

일요일을 제외한 토요일, 공휴일은 09:00~17:00 입니다. (12:00~13:00 상담 불가) 일요일 및 설날(음력)과 추석 당일은 휴무입니다.  

쉐보레 홈페이지 1:1 게시판 문의는 365일 24시간 언제든지 가능하며, 답변은 08:00~24:00에 이루어집니다.(설날과 추석 당일은 휴무입니다.)  

긴급출동은 연중무휴 24시간 상담 가능합니다."
쉐보레,장애인 차량,일반,[장애인 차량] 현재 판매 중인 장애인 차량은 무엇입니까?,보통 장애인 차량은 각 제조사별 중형 세단(LPG)을 장애인 차량으로 판매합니다. 현재 쉐보레에서 판매중인 장애인용 차량은 없습니다.
쉐보레,장애인 차량,일반,[장애인 차량] 장애인용 가격은 면세 가격인가요?,"현재 쉐보레에서 제공되는 장애인용 가격표는 없습니다.

대상이 되신다면 카매니저를 통해 면세가격을 확인하실 수 있습니다."
쉐보레,장애인 차량,일반,[장애인 차량] 장애인 중 면세 가능한 등급은 어떻게 되나요?,"면세로 구입할 수 있는 등급은 일반장애인1~3급, 국가유공장애인1~7급, 고엽제 후유증 환자, 5.18 민주화 운동부상자 1~14급 입니다."
쉐보레,장애인 차량,일반,[장애인 차량] 몇대까지 장애인 차량 구입 가능한지요? (한 가족에 장애인 2인일 경우 등),"일반 승용차의 경우 1인 기준 1대 구입 가능하며, 가족중 장애인 2명일 경우, 각자의 명의로 차량 구입 가능합니다."
쉐보레,장애인 차량,일반,[장애인 차량] LPG 구조변경 방법을 알고싶습니다.,"가솔린 차량 구매후 LPG 구조변경을 원하는 경우 장애가 있는 당사자 및 가족(직계존비속)이 신청해야 하며, 구조변경 승인 신청은 시,군,구청 교통행정과에 자동차 등록증, 장애인 수첩, 주민등록등본, 구조변경신청서, 제원대비표, 연료변경 전,후도면을 제출 승인 받습니다.

 

자세한 내용은 자동차관리법 제34조 / 자동차관리법시행령 제8조를 참조하여 주시기 바랍니다.
→ 고객께서 구조변경한 내용에 대해서는 회사에서 보증 책임지지 않습니다."
쉐보레,장애인 차량,일반,[장애인 차량] 장애인과 공동명의 구입시 가능 조건을 알고싶습니다.,"주민등록표상 세대를 함께하는 배우자, 직계존비속, 형제 자매의 경우, 직계비속의 배우자와 공동명의로 구입 가능합니다.

단, 5년 이상 보유를 해야 합니다. 만약 5년 이전에 명의 변경시에는 동일 조건(면세 해당 고객)의 고객에게 양도를 해야 합니다.

이를 위반시에는 추징대상이 될 수 있습니다."
쉐보레,장애인 차량,일반,[장애인 차량] 장애인 사망시 차량 승계 방법을 알고싶습니다.,"LPG 전용일 경우에는 가족이 승계할 수는 없으며, 장애인이나 국가유공자에게 판매하는 수밖에 없습니다.

LPG 전용은 팔아야 하는데 돌아가신 분이 차를 팔 수는 없으므로 상속이전을 먼저 해야 합니다.

LPG 겸용일 경우에는 장애인 및 국가유공자에게 판매하거나, LPG를 탈착하면 가족이 승계할 수 있습니다.

장애인 및 국가유공자가 1년 안에 사망하게 되면 어차피 지방세(취득세, 등록세, 자동차세)를 내야 합니다.

하지만 개별소비세는 매매를 할 경우 타신만큼의 면세금액을 환불하셔야 합니다.

예를 들어, 1년을 사용했다면 4년치를 환불하면 됩니다. 개별소비세를 면세받는 장애인(1~3급) 및 국가유공자(1~7급까지)에게 판매하면 환불을 안하셔도 됩니다."
쉐보레,장애인 차량,일반,[장애인 차량] 장애인 구입 혜택은 어떻게 되나요?,"장애인 차량 구입시 등급에 따라 세금 혜택이 있습니다.

- 개별소비세 : 면세 (국세)
→ 일반장애 1~3급, 국가유공자 1~7급, 고엽제 후유증 환자(고도,중도,경도(1~3급)), 5.18민주화운동 부상자 1~14급

- 지방세 (2,000cc 이하) : 면세(통합취득세, 자동차세)
→ 일반장애 1~3급, 시각장애 1~4급, 국가유공자 1~7급, 고엽제 후유증 환자(고도,중도,경도(1~3급)), 5.18민주화운동 부상자 1~14급

- 지방세 (2000cc 초과) : 과세(통합취득세, 자동차세)

- 채권매입 : 면제
→ 국가유공자 1~7급, 고엽제 후유증 환자(고도,중도,경도(1~3급)), 5.18민주화운동 부상자 1~14급, 장애인복지법에 의해 장애인으로 등록된 자가 본인 명의 또는 주민등록상 거소를 같이 하는 보호자와 공동명의로 구매하는 차량 1대

※ 보다 자세한 사항은 구매정보 → 구매가이드 → 장애인차량 안내를 참조하여 주시기 바랍니다."
쉐보레,장애인 차량,일반,[장애인 차량] 장애인 차량은 모두 뒤 트렁크에 가스통이 있나요?,"네, 모두 있습니다."
쉐보레,마이링크,일반,[AUX/USB] BYOM에서 호환 가능한 AUX pin,규격 : 3.5Φ Aux jack만 가능
쉐보레,마이링크,일반,[AUX/USB] BYOM에서 호환 가능한 USB 용량,"FAT 형식 : 2/4/8/16/32 GB
exFAT 형식 : 64GB
(*Test 완료한 USB형식)

USB 지원은 전적으로 Windows CE의 지원가능한 파일 시스템에 따릅니다. (FAT16/32 및 exFAT지원 가능 합니다.)

*exFAT형식은 64GB부터 이용하며 Max 2TB까지 지원가능합니다.
*NTFS등의 파일 시스템은 지원되지 않습니다."
쉐보레,마이링크,일반,[Video/Radio-FM] Divx Code 등록하는 방법 ?,만약 Divx코드가 등록되지 않으면 BYOM에서 지원하지 않을 수 있습니다.
쉐보레,마이링크,일반,[Video/Radio-FM] 차량에서 무전기를 사용 시 MyLink 와의 간섭,"일부 무전기에서

- 차량에서 무전기를 사용할 경우, 주파수 간섭이 발생하여 FM Radio 청취 중 잡음이 섞여 들릴 수 있습니다.

- 또한, 차량에서 무전기를 사용 시, 무전기로부터 나오는 전자파 간섭으로 인해 iPod/iPhone 의 유선 연결(iPod Cable) 이 끊어지는 현상이 발생할 수 있습니다."
쉐보레,마이링크,일반,Bluetooth music을 듣던 중 Incoming/Outgoing Call 전화통화를 한 후에 previous 음악이 바로 재생되지 않는 경우,"- Phone마다 다르게 동작할 수 있는 기능으로, Play/Pause 버튼을 한번더 눌러 주시기 바랍니다.

- BT를 통해 음악 재생중, 통화가 걸려오면 Mylink에서는 ""Music stop""명령을 보내며, 통화가 끊기면 ""Music Restart""명령을 내립니다. 이때, 특정 폰들은 Mylink에서 ""Music restart""를 보내기 전에 Phone Side에서 ""Restart""명령을 보냅니다. 이때 2가지 명령이 뒤엉켜서 Restart가 될 수도, Pause상태로 있을 수도 있습니다."
쉐보레,마이링크,일반,[SWC/Phone] Bluetooth를 통해 Hands-Free 콜을 하던 중 자동으로 Private mode로 들어가는 경우,"- 특정 Phone은 Phone의 OS S/W 업데이트를 통해 해결 할 수 있습니다.

- Phone이 Hands-Free Call명령을 내리고 Mylink측에서는 Phone을 통해 음성 입력을 받기위해 준비되어 있으나 실제로 Phone에서 음성 출력을 Bluetooth로 보내주지 않고 Phone Speaker를 통해 출력하여 발생하는 현상 입니다.

- Private Mode 정상 작동을 하는 경우 : 아래와 같은 팝업이 뜨며, 우측 하단에 Private Mode 아이콘이 활성화 됩니다. 그러나 아래의 팝업이 뜨지 않고, Private Mode아이콘이 활성화 되지 않는 경우는 폰측에서 잘못된 정보를 보내는 것 입니다.

- Phone에서 제대로된 동작을 하는지 판단 하는 방법 :

1. Hands-Free Mode
- Phone에서 소리가 안나야 합니다. 이경우, Mylink를 통해 소리가 출력됩니다.

2. Pivate Mode
- Phone에서 소리가 나야 합니다. Mylink에서는 소리가 안나옵니다."
쉐보레,마이링크,일반,"[SWC/Phone] Phone을 USB Jack을 통해 연결하여 Video/Music재생하려는 경우, 인식 실패할 수 있습니다.","iphone / ipod : Music
기타(외장메모리로 인식불가) : X
기타(외장메모리로 인식가능) :
Music/video (USB stick과 동일)

- Smart Phone이 USB로 연결되었다 하더라도, Mass storage로 인식이 안될 경우에는 video 및 Music 재생이 불가능 합니다. 이는 PC에서 별도의 Driver를 설치해야 볼수 있는 것과 같은 이치입니다.

- Phone이 Mass storage로 인식하는지의 여부는, 컴퓨터를 USB로 연결하였을 경우 별도의 Driver 설치 없이 USB처럼 사용할수 있는지의 여부를 확인해 보는 방법이 있습니다.

- 스마트폰 제조사별 프로그램 업데이트 후 어느 순간에는 USB가 지원 되었다가 갑자기 안될 수도 있고, 또한 그 반대 상황이 될 수도 있습니다."
쉐보레,마이링크,일반,[SWC/Phone] UC3 (Steering Wheel Switch) 이용방법 ?,"- Adjust Volume : +(increase) / -(decrease)

- Call/VR(누르고 있을경우): Voice Recognition[PTT(Phone To Talk)]

- 위/아래 조절, 위/아래 누르고 있을 경우는 SEEK

가운데 누를 경우 Audio Source 변경(AM/FM/USB...)

- Mute / Hang-up"
쉐보레,마이링크,일반,[SWC/Phone] 폰북 다운로드 실패(Android OS phone),"폰북 다운로드 의사를 묻는 팝업이 뜨지 않았으며 바로 폰북 다운로드 Fail 팝업이 뜨는 경우 핸드폰 Power OFF후 Power ON (핸드폰 Re-Booting)

Bluetooth기능(실행중인 서비스)중 BluetoothPbapService기능이 중지 되어 있지 않아야 합니다. (설정 -> 응용 프로그램 -> 실행 중인 서비스 에서 확인 가능)"
쉐보레,마이링크,일반,[Bluetooth/iPod] Audio 재생 순서,"Phone 및 iPod장치의 재생순서에 따릅니다.

- Mylink는 오직 Phone 및 iPod 장치로부터 신호를 받아 Audio sound만을 제공하기에 재생순서 는 각종 Phone 및 iPod장치의 재생순서를 따릅니다."
쉐보레,마이링크,일반,"[Bluetooth/iPod] Bluetooth 음악 재생 모드에서, 빨리감기/되감기/랜덤재생/반복재생 실패하는 경우",Phone에서 해당기능을 지원하지 않을 경우 BYOM에서 해당 기능을 사용하지 못합니다.
쉐보레,마이링크,일반,[Bluetooth/iPod] 지원가능한 폰임에도 불구하고 Blue Tooth Pairing 실패 하는 경우,"- Phone 및 BYOM Side에서 Paired list삭제 후 Pairing 재시도

- Phone 재부팅 후 재시도

- 폰이 주체가 되어 paired list를 선택하여 연결 시도 시 BYOM에 link key가 없을 경우 페어링 동작을 수행하여야 하지만 지속적으로 link key 요청만 하여 연결이 안되어 fail 될수 있습니다. 이는 Phone Side 문제로 양 Side에서 Paired list를 삭제 또는 Phone을 부팅하신후 다시 시도하시기 바랍니다."
쉐보레,마이링크,일반,"[Bluetooth/iPod] 일부 폰의 경우 Bluetooth 연결시, Mylink 접근시에 비밀번호를 누르시오 라는 Pop-up 이 뜹니다.","Mylink의 비밀번호는 Bluetooth pairing시에 묻는 PIN CODE입니다.

이는 Blue Tooth connection(Pairing)시에 요청 되어지는 Code입니다.

""settings-connection settings-bluetooth settings-change PIN code""를 통해 변경 할 수 있습니다."
쉐보레,내비 업데이트,일반,[내비 업데이트] 텔레나브 내비게이션 SD카드 구매방법,"쉐보레 정품 SD카드는 인근 쉐보레 정비사업소 또는 위즈빌 네이버 쇼핑몰에서 구입이 가능 합니다.

- 쉐보레 정비사업소 찾기

https://www.chevrolet.co.kr/chevy/as.gm
- 위즈빌 네이버 쇼핑몰

https://smartstore.naver.com/wizvilstore
- SD카드 가격 : 2만원 (VAT 포함)
- 정비사업소 방문 전 사업소와 통화하여 재고 유무를 확인 부탁드립니다."
쉐보레,내비 업데이트,일반,[내비 업데이트] 텔레나브 내비게이션 업데이트 방법,"텔레나브 내비게이션은 쉐보레 홈페이지를 통하여 업데이트 받으실 수 있으며, 관련 자세한 업데이트 방법은 아래 링크를 통해 확인하실 수 있습니다."
쉐보레,내비 업데이트,일반,[내비 업데이트] 텔레나브 내비게이션 적용 차종,"더 뉴 말리부(2019년형 차량부터), 이쿼녹스(2019년형 차량부터), 더 뉴 카마로(2019년형 차량부터), 콜로라도, 트래버스, 트레일블레이저, 볼트 EUV, 볼트 EV(2022년형 차량부터)"
쉐보레,내비 업데이트,일반,[내비 업데이트] 루센 내비게이션 업데이트 하는 방법,"루센 내비게이션 관련 자세한 업데이트 방법은 아래 링크를 통해 확인하실 수 있습니다.

http://www.rousen.com/GM/"
쉐보레,내비 업데이트,일반,[내비 업데이트] 루센 내비게이션 적용 차종,"말리부 (2018년형 차량 까지), 크루즈 (2018년형 차량 까지), 임팔라, 알페온, 토스카, 이쿼녹스 (2018년형 차량 까지), 올란도, 캡티바 등 더 자세한 사항은 아래 링크를 통해 확인하실 수 있습니다.

http://www.rousen.com/GM/car_select.asp"
쉐보레,"Android Auto/
Apple CarPlay",일반,[인포테인먼트] Apple CarPlay 관련 주요 기능 및 호환 모델,"Apple CarPlay 관련 주요 기능에 대해서 아래 링크를 통해서 확인 하실 수 있습니다.

https://www.apple.com/kr/ios/carplay/"
쉐보레,"Android Auto/
Apple CarPlay",일반,[인포테인먼트] Android Auto 관련 주요 기능 및 문의 사항,"Android Auto 관련 주요 기능 및 문의 사항은 아래 링크를 통해 확인 하실 수 있습니다.

https://www.android.com/intl/ko_kr/auto/faq"
쉐보레,Online Shop,일반,[OnlineShop] 브라우저에 상관없이 온라인 샵을 이용할 수 있나요?,"10버전 이하의 인터넷 익스플로러를 사용하실 경우, 온라인 샵 서비스 이용이 원활하지 않을 수 있습니다. 


온라인 샵 서비스는 크롬과 마이크로소프트 엣지 브라우저에 최적화되어 있으니 해당 브라우저를 통한 접속을 권장해 드립니다."
쉐보레,Online Shop,일반,[OnlineShop] 견적 임시저장 기간은 얼마나 되나요?,"기본적으로 견적서를 보관하는 기간은 3개월 동안 보관되며, 3개월이 지난 경우 자동 삭제 됩니다."
쉐보레,Online Shop,일반,[OnlineShop] 견적임시저장 기능이 있나요?,"주문서 제출 직전에 견적서 저장을 클릭해야만 견적서 저장이 됩니다. 


주문서 작성 중 페이지를 이탈할 경우 주문서 저장이 안되어 처음부터 새로 작성해야하니, 이점 유의 부탁드립니다."
쉐보레,Online Shop,일반,[OnlineShop] 대리인 출고시 필요한 서류 및 준비사항은 무엇인가요?,"대리인 방문시 가족은 업무 협조전(딜러 발급), 가족관계 증명서, 방문하시는 분 신분증, 가족이 아닌 경우 업무 협조전(딜러 발급), 위임장, 인감증명서, 방문하시는 분 신분증을 준비해 주시기 바랍니다."
쉐보레,Online Shop,일반,[OnlineShop] 직접 출고 방법 및 필요 서류가 궁금합니다.,"신분증(주민등록증, 운전면허증, 여권 中 택1) 지참하여 출고사무소 방문해 주세요.

 

자세한 내용은 https://www.chevrolet.co.kr/purchase/consignment.gm 참고 바랍니다."
쉐보레,Online Shop,일반,[OnlineShop] 법인 할부 구매시 필요한 서류는 무엇인가요?,캐피탈사로부터 별도 안내를 통해 진행될 예정입니다.
쉐보레,Online Shop,일반,[OnlineShop] 할부 구매시 필요한 서류는 무엇인가요?,캐피탈사로부터 별도 안내를 통해 진행될 예정입니다.
쉐보레,Online Shop,일반,[OnlineShop] 현금 구매시 필요한 서류는 무엇인가요?,"구매하실 차종과 조건에 따라 다릅니다.

 

자세한 내용은 주문 진행하신 후에 대리점에서 안내 드릴 예정입니다."
쉐보레,Online Shop,일반,[OnlineShop] 신용카드 복수 사용 가능한가요?,"신용카드 개수에 제한 없이 한국지엠 가맹 카드를 사용하여 자유로운 결제가 가능합니다.

(한국지엠 가맹카드: 삼성, KB, 신한, BC, 하나, 롯데카드 )"
쉐보레,Online Shop,일반,[OnlineShop] 할부 원금을 바꾸고 싶은데 어떻게 하면 되나요?,계약서 확정여부에 따라 필요절차가 상이합니다.계약서 수정은 대리점과 협의하여 주시기 바랍니다.
쉐보레,Online Shop,일반,[OnlineShop] 본인 명의 카드가 아니어도 결제가 가능한가요?,"자동차 구입대금 결제 시 본인 이외의 제3자 신용카드를 이용한 결제는 불가능 합니다.

 

당사자간의 동의여부를 불문하고 구매자 이외의 신용카드를 이용한 거래는 여신전문금융업법 제19조에 위반됩니다.

 

따라서 계약자 본인 이외의 제3자 신용카드는 사용하실 수 없습니다."
쉐보레,Online Shop,일반,[OnlineShop] 세금계산서 발행 절차 및 장소가 궁금합니다.,"세금계산서는 출고시 출고사무소에서 지급되어 차량 내부에 비치되며, 추가 발급이 필요한 경우 구매 대리점을 통해 재발행 가능합니다."
쉐보레,Online Shop,일반,[OnlineShop] 가족 포인트 합산 사용 가능 범위가 어떻게 되나요?,쉐보레 자동차 신차 구입 시 부모/배우자/자녀 포인트를 합산하여 최대 200만 포인트까지 사용 가능합니다.
쉐보레,Online Shop,일반,[OnlineShop] 가족 오토 포인트 사용 방법은 어떻게 되나요?,"가족(부모/배우자/자녀)의 오토포인트는 쉐보레 홈페이지 회원가입 또는 카드사 고객센터를 통해 조회 하실 수 있으며, 온라인샵 구매혜택 페이지에서 사용하실 수 있습니다.

 

추후 가족관계 증명서를 제출해야 합니다.

(삼성카드 고객센터 : 1588-8700 / 롯데카드 고객센터 : 1588-8100)"
쉐보레,Online Shop,일반,[OnlineShop] 면세는 어떤 경우 해당되나요?,"면세는 개별소비세법 제18조에 의해 명시된 장애인,렌터카,택시 구입시 해당됩니다. 


개별소비세 면세 대상 장애인은 다음과 같습니다. 


1. 「국가유공자 등 예우 및 지원에 관한 법률」에 따른 국가유공자 중 장애인 
2. 「장애인복지법」에 따른 장애인중 장애의 정도가 심한 장애인(1~3등급)으로 한정한다 
3. 「5ㆍ18민주유공자예우에 관한 법률」에 따른 5ㆍ18민주화운동부상자로서 같은 법 제7조에 따라 등록된 사람 
4. 「고엽제후유의증 등 환자지원 및 단체설립에 관한 법률」에 따른 고엽제후유의증환자로서 경도 장애 이상의 장애등급 판정을 받은 사람"
쉐보레,Online Shop,일반,[OnlineShop] 선포인트 상환 방법 및 기간은 어떻게 되나요?,"차량 구매 시 미리 차감된 선포인트 금액은 선포인트 결제일로부터 정해진 상환기간 내에 선포인트서비스 대상카드 이용금액(일시불 및 할부금)의 2~5%에 상응하는 선포인트를 이용하여 상환하게 됩니다. 


상환기간은 차종, 선포인트 금액 및 카드사에 따라 다릅니다.

 

자세한 내용은 https://www.chevrolet.co.kr/finance/buying-guide/pre-point 를 참고 하시기 바랍니다."
쉐보레,Online Shop,일반,[OnlineShop] 선포인트가 무엇인가요?,"선포인트는 고객님께서 대상카드를 이용하여 쉐보레 차량을 구입하실 경우, 최대 30만 원까지 미리 차감한 금액으로 구입할 수 있는 프로그램입니다."
쉐보레,Online Shop,일반,[OnlineShop] 온라인 구매를 위해 사전에 준비할 것들은?,구매하실 차종과 차량대금 지불 방법에 따라 다릅니다. 자세한 내용은 주문 진행하신 후에 대리점에서 안내 드릴 예정입니다.
쉐보레,Online Shop,일반,[OnlineShop] 개명했는데 휴대폰 인증에서 에러가 나는 경우는 어떻게 해야하나요?,"쉐보레 홈페이지에 가입된 회원 정보와 휴대폰 인증의 이름이 일치하지 않아 발생하는 문제입니다. 


고객 센터(080-3000-5000)를 통해 개인정보 수정 후 온라인 구매 진행하여 주시기 바랍니다."
쉐보레,Online Shop,일반,[OnlineShop] 본인 명의 휴대폰이 아니면 서비스이용이 불가한지?,본인을 식별하기 위한 휴대폰 인증을 사용하고 있어 반드시 본인 명의의 휴대폰이 필요합니다.
쉐보레,Online Shop,일반,[OnlineShop] 비회원은 온라인 구매가 불가한지?,"회원만 온라인 구매가 가능합니다.

 

본인 확인, 기존 구매 이력, 오토포인트 등을 조회하기 위해 웹 회원 가입이 필수입니다."
쉐보레,EV 리콜,일반,[EV 리콜] 기존에 90% 충전 제한에서 이번에 80% 충전 제한으로 최대 충전량을 축소한 이유가 무엇인가요?,"GM Engineering에서 조사한 결과, 80%로 낮추게 되면 화재발생으로의 전환을 보다 방지할 수 있기 때문입니다.

 

동시에 90% 상태에서 준수해야 하는 사항(충전 주기 및 주차장소)에 대한 제한을 해지하여, 주행거리 감소를 제외한 고객의 사용환경을 복원시킴으로써 보다 안전한 차량사용을 할 수 있게 만들기 위함입니다."
쉐보레,EV 리콜,일반,[EV 리콜] 소프트웨어 업데이트를 하면 어떤 점이 달라지나요?,"신규 진단 소프트웨어 업데이트 리콜은 차량의 최대 충전 용량을 80%로 설정 하는 내용을 포함하며, 고객들은 소프트웨어 업데이트 이후 다음 사항들과 같이 차량을 보다 편리하게 사용할 수 있게 됩니다. 


* 실내에서 밤새 차량 충전 가능 
* 앞선 지침으로 배터리 잔여 주행가능 거리가 70마일(약 113km) 이하로 떨어지지 않도록 당부한 바 있으나 그 이하의 경우에도 차량 주행에 문제가 없음 
* 충전 이후 실내 주차 가능"
쉐보레,EV 리콜,일반,[EV 리콜] 고객이 직접 목표 충전 레벨 설정 방법을 통해 최대 충전 용량을 80%로 변경할 수는 없나요? 반드시 정비 네트워크로 입고하여 소프트웨어 업데이트를 받아야 하나요?,"MY19 차량은 개별로 80% 충전 레벨 설정이 가능하지만, 이번 리콜은 고객의 안전하고 편리한 차량 사용을 위해 고전압 배터리의 이상 작동 여부를 진단할 수 있는 한층 강화된 신규 진단 소프트웨어가 적용된 리콜이므로 반드시 입고하여 조치 받아야 합니다.

 

MY17-18 차량은 자체 변경 불가하므로 117개의 쉐보레 서비스센터를 반드시 방문하여 조치를 받으시기 바랍니다."
쉐보레,EV 리콜,일반,[EV 리콜] 최대 충전량을 80%로 제한하는 소프트웨어 업데이트 리콜 작업은 얼마나 소요되나요?,"사전 예약을 통해 방문하시면 소프트웨어 업데이트에 약 1시간 30분 정도 소요되며, 실제 작업시간은 추가서비스 여부와 서비스센터의 사정에 따라 달라질 수 있습니다."
쉐보레,EV 리콜,일반,[EV 리콜] 최대 충전량을 80%로 제한하면 기존보다 더 자주 배터리를 충전해야 하는데 고전압 배터리 성능에 영향은 없나요?,금번 소프트웨어 업데이트는 배터리 성능과는 무관합니다.
쉐보레,EV 리콜,일반,"[EV 리콜] 고전압 배터리 교환 작업을 위해 서비스센터 입고 하루 전(24시간 이내)에는 고전압 배터리 충전을 하지 말고, 서비스센터 입고 시 고전압 배터리는 90% 미만의 충전 상태에 있어야 하는 이유는 무엇인가요? 90% 이상의 충전 상태에서는 고전압 배터리 교환이 불가능한가요?","배터리의 상태가 안정된 조건에서 교환작업이 이루어져야 작업중의 안전과 원활한 배터리 교환 작업을 통해 예정된 시점에 차량을 고객에게 전달할 수 있으며, 90% 이상의 배터리 충전 상태에서는 안전을 고려한 규정상 고전압 배터리 교환작업이 불가합니다.

 

따라서 추가 대기 시간이 발생되므로 방문 전 요청 드린 사항을 준수해 주시기 바랍니다."
쉐보레,EV 리콜,일반,[EV 리콜] 이번에 고전압 배터리를 교환하게 되면 교환 후 부터 고전압 배터리 보증기간이 새롭게 적용 되나요?,서비스 센터에서 고전압 배터리를 교환한 날짜로부터 배터리의 보증은 8년 16만km로 새롭게 적용됩니다.
